A,26,ASN,ND2,A,22,GLY,O,11.560884391156089
A,34,THR,OG1,A,30,ARG,O,98.6310136898631
A,26,ASN,ND2,A,25,GLU,O,0.20599794002059982
A,25,GLU,N,A,25,GLU,OE2,1.004989950100499
A,42,SER,N,A,41,MET,SD,0.6759932400675993
A,23,THR,N,A,25,GLU,OE2,0.0879991200087999
A,25,GLU,N,A,25,GLU,OE1,0.9199908000919991
A,26,ASN,ND2,A,21,GLY,O,5.923940760592394
A,29,ARG,NH1,A,25,GLU,O,7.092929070709293
A,26,ASN,ND2,A,23,THR,O,1.4269857301426987
A,29,ARG,NE,A,25,GLU,O,3.9729602703972957
A,30,ARG,NE,A,26,ASN,O,1.5469845301546985
A,21,GLY,N,A,23,THR,OG1,0.07399926000739993
A,43,GLY,N,A,42,SER,OG,4.660953390466095
A,26,ASN,ND2,A,21,GLY,O,4.569954300456995
A,30,ARG,NH1,A,26,ASN,O,0.4669953300466995
A,28,SER,OG,A,24,MET,O,17.75782242177578
A,28,SER,N,A,28,SER,OG,0.05299947000529995
A,21,GLY,N,A,23,THR,OG1,0.03699963000369996
A,29,ARG,N,A,28,SER,OG,0.5409945900540994
A,22,GLY,N,A,25,GLU,OE1,21.58878411215888
A,23,THR,OG1,A,21,GLY,O,0.05799942000579994
A,29,ARG,NH2,A,25,GLU,O,1.4619853801461986
A,22,GLY,N,A,25,GLU,OE2,21.41778582214178
A,36,ASP,N,A,36,ASP,OD2,1.0579894201057989
A,42,SER,OG,A,40,ILE,O,0.35899641003589966
A,42,SER,OG,A,42,SER,O,0.15499845001549986
A,21,GLY,N,A,25,GLU,OE1,10.24889751102489
A,21,GLY,N,A,25,GLU,OE2,10.14889851101489
A,23,THR,N,A,23,THR,OG1,0.12399876001239987
A,28,SER,OG,A,25,GLU,O,1.041989580104199
A,26,ASN,ND2,A,26,ASN,O,0.032999670003299966
A,21,GLY,N,A,25,GLU,OE1,10.43989560104399
A,21,GLY,N,A,25,GLU,OE1,9.685903140968591
A,21,GLY,N,A,25,GLU,OE2,9.71590284097159
A,23,THR,OG1,A,22,GLY,O,0.05499945000549994
A,21,GLY,N,A,25,GLU,OE2,10.41089589104109
A,43,GLY,N,A,41,MET,SD,0.11799882001179988
A,42,SER,OG,A,37,LEU,O,0.3859961400385996
A,26,ASN,N,A,26,ASN,OD1,3.148968510314897
A,41,MET,N,A,41,MET,SD,1.1079889201107989
A,26,ASN,ND2,A,22,GLY,O,5.953940460595394
A,36,ASP,N,A,36,ASP,OD1,0.6819931800681993
A,42,SER,N,A,42,SER,OG,0.022999770002299975
A,35,GLY,N,A,34,THR,OG1,0.16399836001639984
A,27,LEU,N,A,26,ASN,OD1,0.37199628003719964
A,21,GLY,N,A,26,ASN,OD1,3.115968840311597
A,21,GLY,N,A,26,ASN,OD1,2.820971790282097
A,24,MET,N,A,23,THR,OG1,1.2129878701212986
A,21,GLY,N,A,26,ASN,OD1,3.111968880311197
A,23,THR,OG1,A,23,THR,O,0.10399896001039989
A,30,ARG,NH2,A,26,ASN,O,0.12699873001269987
A,29,ARG,NH1,A,26,ASN,O,0.007999920000799993
A,42,SER,OG,A,41,MET,O,0.29099709002909974
A,22,GLY,N,A,26,ASN,OD1,0.26399736002639973
A,24,MET,N,A,25,GLU,OE1,0.03399966000339997
A,29,ARG,NE,A,26,ASN,O,0.26399736002639973
A,24,MET,N,A,24,MET,SD,1.6959830401695983
A,34,THR,OG1,A,31,LEU,O,0.8309916900830991
A,23,THR,N,A,24,MET,SD,0.053999460005399944
A,22,GLY,N,A,24,MET,SD,0.014999850001499985
A,29,ARG,NE,A,29,ARG,O,0.010999890001099988
A,29,ARG,NH2,A,25,GLU,O,0.025999740002599973
A,29,ARG,NH1,A,25,GLU,O,0.04899951000489995
A,41,MET,N,A,42,SER,OG,0.016999830001699984
A,29,ARG,NE,A,28,SER,O,0.001999980000199998
A,34,THR,N,A,34,THR,OG1,0.0029999700002999972
A,28,SER,OG,A,26,ASN,O,0.000999990000099999
A,29,ARG,NH2,A,21,GLY,O,0.007999920000799993
A,30,ARG,NH1,A,23,THR,O,0.15199848001519986
A,30,ARG,NH2,A,23,THR,O,0.04199958000419996
A,30,ARG,NH1,A,27,LEU,O,0.001999980000199998
A,30,ARG,NH2,A,22,GLY,O,0.007999920000799993
A,28,SER,OG,A,28,SER,O,0.0909990900090999
A,39,ASP,N,A,39,ASP,OD2,10.68589314106859
A,39,ASP,N,A,39,ASP,OD1,9.627903720962792
A,21,GLY,N,A,23,THR,OG1,0.04299957000429996
A,24,MET,N,A,25,GLU,OE2,0.03399966000339997
A,21,GLY,N,A,24,MET,SD,0.014999850001499985
A,30,ARG,NH1,A,29,ARG,O,0.0049999500004999945
A,21,GLY,N,A,24,MET,SD,0.011999880001199989
A,21,GLY,N,A,24,MET,SD,0.007999920000799993
A,42,SER,OG,A,39,ASP,O,0.1969980300196998
A,42,SER,OG,A,38,PHE,O,0.2819971800281997
A,40,ILE,N,A,39,ASP,OD2,4.4589554104458955
A,25,GLU,N,A,26,ASN,OD1,0.1119988800111999
A,40,ILE,N,A,39,ASP,OD1,5.583944160558394
A,28,SER,N,A,24,MET,SD,0.006999930000699994
A,41,MET,N,A,39,ASP,OD2,9.58990410095899
A,26,ASN,ND2,A,23,THR,O,1.3099869001309987
A,29,ARG,NH1,A,29,ARG,O,0.0059999400005999945
A,22,GLY,N,A,23,THR,OG1,0.016999830001699984
A,30,ARG,NH1,A,22,GLY,O,0.016999830001699984
A,26,ASN,N,A,25,GLU,OE2,0.18899811001889982
A,26,ASN,N,A,25,GLU,OE1,0.18299817001829982
A,29,ARG,NH2,A,26,ASN,O,0.018999810001899983
A,41,MET,N,A,39,ASP,OD1,10.27189728102719
A,40,ILE,N,A,41,MET,SD,1.5229847701522985
A,42,SER,N,A,39,ASP,OD2,3.446965530344696
A,42,SER,N,A,39,ASP,OD1,3.5599644003559963
A,43,GLY,N,A,39,ASP,OD2,0.02099979000209998
A,23,THR,N,A,25,GLU,OE1,0.051999480005199945
A,43,GLY,N,A,39,ASP,OD1,0.02099979000209998
A,42,SER,OG,A,36,ASP,O,2.7859721402785973
A,30,ARG,NH2,A,23,THR,O,0.012999870001299986
A,39,ASP,N,A,42,SER,OG,0.02899971000289997
A,23,THR,N,A,26,ASN,OD1,0.31599684003159967
A,25,GLU,N,A,28,SER,OG,0.000999990000099999
A,26,ASN,ND2,A,24,MET,O,0.000999990000099999
A,26,ASN,N,A,23,THR,OG1,1.7649823501764983
A,25,GLU,N,A,23,THR,OG1,3.1269687303126967
A,30,ARG,NH2,A,21,GLY,O,0.07099929000709992
A,30,ARG,NH1,A,21,GLY,O,0.08299917000829991
A,30,ARG,NH1,A,23,THR,O,0.011999880001199989
A,30,ARG,N,A,26,ASN,OD1,0.000999990000099999
A,28,SER,OG,A,21,GLY,O,0.0029999700002999972
A,32,LYS,NZ,A,32,LYS,O,0.00899991000089999
A,25,GLU,N,A,24,MET,SD,0.19399806001939982
A,29,ARG,NH2,A,21,GLY,O,0.003999960000399996
A,26,ASN,ND2,A,25,GLU,O,0.1759982400175998
A,26,ASN,ND2,A,26,ASN,O,0.04299957000429996
A,34,THR,OG1,A,33,VAL,O,0.000999990000099999
A,29,ARG,NH1,A,28,SER,O,0.0049999500004999945
A,32,LYS,NZ,A,32,LYS,O,0.0049999500004999945
A,29,ARG,NH1,A,24,MET,O,0.000999990000099999
A,27,LEU,N,A,28,SER,OG,0.003999960000399996
A,30,ARG,NH1,A,21,GLY,O,0.003999960000399996
A,26,ASN,ND2,A,24,MET,O,0.0049999500004999945
A,26,ASN,N,A,28,SER,OG,0.001999980000199998
A,26,ASN,N,A,24,MET,SD,0.07499925000749992
A,27,LEU,N,A,24,MET,SD,0.021999780002199976
A,24,MET,N,A,26,ASN,OD1,0.001999980000199998
A,30,ARG,NE,A,27,LEU,O,0.000999990000099999
A,32,LYS,NZ,A,32,LYS,O,0.009999900000999989
