B,97,TRP,N,A,39,ASP,OD2,11.842881571184288
B,98,GLY,N,A,39,ASP,OD2,20.04379956200438
A,28,SER,OG,B,85,GLN,O,4.750952490475095
B,98,GLY,N,A,39,ASP,OD1,16.98583014169858
B,155,TYR,OH,A,38,PHE,O,5.977940220597794
B,99,ARG,NH2,A,32,LYS,O,1.3399866001339986
B,60,ARG,NH2,A,37,LEU,O,4.9469505304946955
B,73,HIS,N,A,23,THR,OG1,1.6639833601663983
A,23,THR,OG1,B,71,GLN,O,6.532934670653294
B,97,TRP,N,A,39,ASP,OD1,10.669893301066988
B,60,ARG,NH2,A,40,ILE,O,0.2689973100268997
B,60,ARG,NH1,A,42,SER,O,0.3899961000389996
B,60,ARG,NH2,A,42,SER,O,0.4329956700432996
B,60,ARG,NH2,A,37,LEU,O,0.8149918500814992
B,99,ARG,NE,A,32,LYS,O,5.942940570594294
A,23,THR,OG1,B,73,HIS,O,1.5999840001599985
A,25,GLU,N,B,85,GLN,OE1,2.121978780212198
B,60,ARG,NH1,A,38,PHE,O,0.3339966600333997
B,96,ASN,ND2,A,35,GLY,O,2.7069729302706973
A,32,LYS,NZ,B,89,GLU,O,8.022919770802291
B,85,GLN,NE2,A,24,MET,O,1.2359876401235987
B,73,HIS,N,A,24,MET,SD,6.0059399406005936
B,60,ARG,NH1,A,37,LEU,O,3.225967740322597
B,99,ARG,N,A,39,ASP,OD2,0.012999870001299986
B,60,ARG,NH1,A,40,ILE,O,0.3419965800341997
A,32,LYS,NZ,B,89,GLU,O,7.713922860771392
A,21,GLY,N,B,85,GLN,OE1,1.4489855101448985
A,21,GLY,N,B,85,GLN,OE1,1.2729872701272988
A,21,GLY,N,B,85,GLN,NE2,0.7449925500744993
A,21,GLY,N,B,85,GLN,NE2,0.6119938800611994
A,21,GLY,N,B,85,GLN,OE1,1.5579844201557984
B,61,TYR,OH,A,30,ARG,O,0.12499875001249988
B,85,GLN,NE2,A,21,GLY,O,1.141988580114199
A,21,GLY,N,B,85,GLN,NE2,0.7399926000739993
B,85,GLN,NE2,A,24,MET,O,0.3639963600363996
B,60,ARG,NH2,A,38,PHE,O,0.056999430005699944
B,85,GLN,NE2,A,21,GLY,O,0.7919920800791992
A,30,ARG,NH1,B,65,PHE,O,0.27899721002789973
A,32,LYS,NZ,B,89,GLU,O,7.5529244707552925
A,32,LYS,NZ,B,90,LEU,O,0.019999800001999978
A,23,THR,N,B,85,GLN,OE1,1.726982730172698
A,24,MET,N,B,85,GLN,OE1,9.91390086099139
A,21,GLY,N,B,89,GLU,OE1,0.0949990500094999
A,23,THR,N,B,85,GLN,NE2,2.5839741602583977
A,24,MET,N,B,85,GLN,NE2,1.7409825901740985
A,23,THR,N,B,81,GLN,OE1,0.0059999400005999945
A,30,ARG,NH1,B,65,PHE,O,0.28099719002809975
A,21,GLY,N,B,81,GLN,OE1,0.08999910000899991
A,21,GLY,N,B,81,GLN,NE2,0.03899961000389996
A,21,GLY,N,B,81,GLN,OE1,0.08399916000839992
A,21,GLY,N,B,81,GLN,NE2,0.02899971000289997
A,21,GLY,N,B,81,GLN,OE1,0.0909990900090999
A,21,GLY,N,B,81,GLN,NE2,0.03899961000389996
A,28,SER,OG,B,86,VAL,O,29.26570734292657
B,60,ARG,NH2,A,34,THR,O,0.001999980000199998
A,43,GLY,N,B,153,GLU,OE2,0.18899811001889982
A,26,ASN,ND2,B,71,GLN,O,0.19199808001919982
A,43,GLY,N,B,155,TYR,OH,0.001999980000199998
B,61,TYR,OH,A,27,LEU,O,0.26399736002639973
A,22,GLY,N,B,85,GLN,OE1,0.7059929400705993
A,22,GLY,N,B,85,GLN,NE2,0.5469945300546994
A,30,ARG,NH1,B,71,GLN,O,0.012999870001299986
B,155,TYR,OH,A,40,ILE,O,0.003999960000399996
B,155,TYR,OH,A,39,ASP,O,0.920990790092099
A,32,LYS,NZ,B,90,LEU,O,0.02099979000209998
B,71,GLN,NE2,A,23,THR,O,0.43899561004389953
B,71,GLN,NE2,A,26,ASN,O,1.027989720102799
B,96,ASN,ND2,A,36,ASP,O,0.026999730002699972
A,41,MET,N,B,155,TYR,OH,0.000999990000099999
B,71,GLN,NE2,A,23,THR,O,0.17699823001769982
A,27,LEU,N,B,71,GLN,OE1,0.010999890001099988
A,30,ARG,NH1,B,67,ASP,O,0.0029999700002999972
A,25,GLU,N,B,85,GLN,NE2,0.06999930000699993
B,71,GLN,NE2,A,26,ASN,O,0.6589934100658994
A,32,LYS,NZ,B,90,LEU,O,0.019999800001999978
A,23,THR,N,B,73,HIS,ND1,0.15499845001549986
B,96,ASN,ND2,A,35,GLY,O,0.16899831001689983
A,28,SER,OG,B,89,GLU,O,0.3559964400355996
B,85,GLN,NE2,A,25,GLU,O,0.001999980000199998
A,21,GLY,N,B,73,HIS,NE2,0.03599964000359996
A,21,GLY,N,B,73,HIS,NE2,0.032999670003299966
B,85,GLN,NE2,A,25,GLU,O,0.009999900000999989
B,99,ARG,N,A,39,ASP,OD1,0.010999890001099988
A,42,SER,OG,B,153,GLU,O,0.19199808001919982
A,21,GLY,N,B,89,GLU,OE1,0.06899931000689993
B,90,LEU,N,A,28,SER,OG,0.3679963200367996
B,85,GLN,NE2,A,22,GLY,O,0.5499945000549994
A,42,SER,OG,B,154,LEU,O,0.003999960000399996
B,60,ARG,NE,A,34,THR,O,0.0029999700002999972
B,60,ARG,NH1,A,37,LEU,O,14.621853781462185
A,21,GLY,N,B,89,GLU,OE1,0.04899951000489995
B,60,ARG,NH1,A,41,MET,O,0.2859971400285997
B,60,ARG,NH2,A,41,MET,O,0.0889991100088999
B,155,TYR,OH,A,41,MET,O,0.007999920000799993
B,60,ARG,NH1,A,41,MET,O,0.000999990000099999
A,43,GLY,N,B,56,GLU,OE2,0.000999990000099999
B,155,TYR,OH,A,42,SER,O,0.00899991000089999
A,21,GLY,N,B,89,GLU,OE2,0.019999800001999978
A,40,ILE,N,B,96,ASN,OD1,0.007999920000799993
B,71,GLN,NE2,A,27,LEU,O,0.0049999500004999945
A,30,ARG,NH1,B,66,SER,O,0.003999960000399996
B,150,THR,OG1,A,42,SER,O,2.130978690213098
A,40,ILE,N,B,155,TYR,OH,1.2129878701212986
A,26,ASN,N,B,71,GLN,NE2,0.001999980000199998
A,23,THR,OG1,B,72,LEU,O,0.044999550004499955
A,23,THR,OG1,B,70,SER,O,0.0059999400005999945
B,71,GLN,NE2,A,24,MET,O,0.0029999700002999972
B,73,HIS,NE2,A,23,THR,O,0.5869941300586994
A,27,LEU,N,B,71,GLN,NE2,0.001999980000199998
A,21,GLY,N,B,73,HIS,ND1,0.08299917000829991
A,21,GLY,N,B,73,HIS,ND1,0.11299887001129988
B,60,ARG,NE,A,37,LEU,O,0.07399926000739993
A,21,GLY,N,B,73,HIS,ND1,0.12799872001279988
A,42,SER,OG,B,150,THR,O,0.17199828001719983
B,71,GLN,NE2,A,22,GLY,O,0.007999920000799993
B,71,GLN,NE2,A,22,GLY,O,0.009999900000999989
B,60,ARG,NH1,A,34,THR,O,0.0029999700002999972
B,60,ARG,NH1,A,40,ILE,O,0.001999980000199998
B,60,ARG,NH1,A,42,SER,O,0.003999960000399996
A,23,THR,N,B,82,SER,OG,0.4819951800481995
A,31,LEU,N,B,61,TYR,OH,0.000999990000099999
B,63,ARG,NH2,A,42,SER,O,0.03399966000339997
B,63,ARG,NH1,A,42,SER,O,0.0049999500004999945
B,63,ARG,NH2,A,42,SER,O,0.000999990000099999
A,21,GLY,N,B,82,SER,OG,0.03199968000319997
A,22,GLY,N,B,81,GLN,NE2,0.0049999500004999945
A,21,GLY,N,B,78,THR,OG1,0.003999960000399996
B,75,THR,N,A,24,MET,SD,0.001999980000199998
B,150,THR,OG1,A,41,MET,O,5.875941240587594
B,97,TRP,N,A,42,SER,OG,1.718982810171898
B,97,TRP,NE1,A,41,MET,O,0.32799672003279967
B,78,THR,OG1,A,21,GLY,O,1.2649873501264988
A,22,GLY,N,B,81,GLN,OE1,0.015999840001599985
B,75,THR,N,A,23,THR,OG1,0.05599944000559995
A,43,GLY,N,B,145,ASN,OD1,0.04299957000429996
A,24,MET,N,B,82,SER,OG,0.5089949100508995
B,98,GLY,N,A,42,SER,OG,0.006999930000699994
B,99,ARG,NE,A,35,GLY,O,0.07699923000769993
A,43,GLY,N,B,150,THR,OG1,0.16699833001669984
B,97,TRP,N,A,41,MET,SD,0.07399926000739993
A,21,GLY,N,B,75,THR,OG1,0.0949990500094999
A,26,ASN,ND2,B,71,GLN,O,0.0049999500004999945
A,21,GLY,N,B,75,THR,OG1,0.1019989800101999
B,61,TYR,OH,A,26,ASN,O,0.000999990000099999
B,75,THR,OG1,A,21,GLY,O,0.15299847001529984
A,21,GLY,N,B,75,THR,OG1,0.10399896001039989
B,81,GLN,NE2,A,22,GLY,O,0.02899971000289997
B,81,GLN,NE2,A,21,GLY,O,0.014999850001499985
B,85,GLN,NE2,A,22,GLY,O,0.47099529004709956
B,81,GLN,NE2,A,21,GLY,O,0.021999780002199976
A,22,GLY,N,B,82,SER,OG,0.0029999700002999972
A,22,GLY,N,B,73,HIS,ND1,0.04899951000489995
A,21,GLY,N,B,73,HIS,NE2,0.03699963000369996
B,75,THR,OG1,A,22,GLY,O,0.22699773002269977
A,22,GLY,N,B,75,THR,OG1,0.3059969400305997
B,82,SER,OG,A,22,GLY,O,2.016979830201698
B,78,THR,OG1,A,22,GLY,O,0.15199848001519986
A,24,MET,N,B,73,HIS,NE2,0.003999960000399996
B,150,THR,OG1,A,40,ILE,O,0.023999760002399978
A,21,GLY,N,B,82,SER,OG,0.044999550004499955
A,21,GLY,N,B,82,SER,OG,0.04699953000469995
A,21,GLY,N,B,78,THR,OG1,0.003999960000399996
A,21,GLY,N,B,78,THR,OG1,0.000999990000099999
A,23,THR,N,B,73,HIS,NE2,0.000999990000099999
A,30,ARG,NH2,B,65,PHE,O,0.006999930000699994
A,42,SER,N,B,153,GLU,OE1,0.03599964000359996
A,39,ASP,N,B,155,TYR,OH,1.4179858201417987
A,42,SER,N,B,153,GLU,OE2,0.047999520004799956
A,23,THR,N,B,81,GLN,NE2,0.006999930000699994
A,23,THR,OG1,B,78,THR,O,0.0059999400005999945
B,60,ARG,NH2,A,39,ASP,O,0.000999990000099999
A,43,GLY,N,B,153,GLU,OE1,0.16299837001629983
B,97,TRP,NE1,A,42,SER,O,0.48699513004869954
A,34,THR,OG1,B,60,ARG,O,0.015999840001599985
B,82,SER,OG,A,23,THR,O,0.000999990000099999
A,42,SER,N,B,150,THR,OG1,0.030999690003099968
B,96,ASN,ND2,A,38,PHE,O,0.0029999700002999972
B,86,VAL,N,A,24,MET,SD,0.000999990000099999
A,21,GLY,N,B,89,GLU,OE2,0.006999930000699994
A,42,SER,OG,B,145,ASN,O,0.6159938400615994
B,145,ASN,ND2,A,42,SER,O,0.02899971000289997
B,96,ASN,ND2,A,42,SER,O,0.10299897001029991
A,42,SER,N,B,96,ASN,OD1,0.00899991000089999
B,96,ASN,ND2,A,39,ASP,O,0.03399966000339997
B,96,ASN,ND2,A,38,PHE,O,0.001999980000199998
A,42,SER,OG,B,146,GLY,O,0.13099869001309988
B,149,ASP,N,A,42,SER,OG,0.26099739002609973
A,42,SER,OG,B,147,GLY,O,0.20199798002019978
A,43,GLY,N,B,149,ASP,OD2,0.049999500004999954
B,150,THR,N,A,42,SER,OG,0.011999880001199989
A,43,GLY,N,B,149,ASP,OD1,0.07899921000789992
A,24,MET,N,B,81,GLN,OE1,0.012999870001299986
B,89,GLU,N,A,28,SER,OG,0.000999990000099999
B,71,GLN,NE2,A,27,LEU,O,0.001999980000199998
B,82,SER,OG,A,21,GLY,O,0.04299957000429996
A,21,GLY,N,B,89,GLU,OE2,0.006999930000699994
B,63,ARG,NH2,A,37,LEU,O,0.001999980000199998
B,154,LEU,N,A,41,MET,SD,0.003999960000399996
A,24,MET,N,B,73,HIS,ND1,0.00899991000089999
B,155,TYR,N,A,41,MET,SD,0.001999980000199998
A,41,MET,N,B,96,ASN,OD1,0.0029999700002999972
B,96,ASN,ND2,A,39,ASP,O,0.000999990000099999
A,23,THR,N,B,75,THR,OG1,0.0049999500004999945
B,73,HIS,NE2,A,21,GLY,O,0.03199968000319997
A,39,ASP,N,B,56,GLU,OE2,0.000999990000099999
A,22,GLY,N,B,73,HIS,NE2,0.010999890001099988
B,73,HIS,NE2,A,22,GLY,O,0.018999810001899983
B,81,GLN,NE2,A,22,GLY,O,0.03699963000369996
A,22,GLY,N,B,71,GLN,OE1,0.04599954000459995
A,21,GLY,N,B,71,GLN,NE2,0.006999930000699994
A,21,GLY,N,B,71,GLN,OE1,0.009999900000999989
B,71,GLN,NE2,A,21,GLY,O,0.0059999400005999945
B,145,ASN,ND2,A,41,MET,O,0.000999990000099999
A,23,THR,N,B,71,GLN,OE1,0.001999980000199998
A,22,GLY,N,B,71,GLN,NE2,0.0049999500004999945
A,21,GLY,N,B,71,GLN,OE1,0.00899991000089999
B,71,GLN,NE2,A,21,GLY,O,0.006999930000699994
A,21,GLY,N,B,71,GLN,NE2,0.003999960000399996
A,21,GLY,N,B,71,GLN,NE2,0.009999900000999989
A,21,GLY,N,B,71,GLN,OE1,0.009999900000999989
A,21,GLY,N,B,70,SER,OG,0.000999990000099999
A,21,GLY,N,B,70,SER,OG,0.000999990000099999
A,22,GLY,N,B,89,GLU,OE1,0.000999990000099999
A,30,ARG,NH2,B,71,GLN,O,0.000999990000099999
A,30,ARG,NH1,B,66,SER,O,0.003999960000399996
A,25,GLU,N,B,82,SER,OG,0.0049999500004999945
B,96,ASN,ND2,A,41,MET,O,0.003999960000399996
A,28,SER,N,B,85,GLN,NE2,0.003999960000399996
A,27,LEU,N,B,85,GLN,NE2,0.000999990000099999
B,85,GLN,NE2,A,23,THR,O,0.03699963000369996
A,24,MET,N,B,81,GLN,NE2,0.007999920000799993
B,85,GLN,NE2,A,23,THR,O,0.26399736002639973
B,92,ARG,NH2,A,21,GLY,O,0.000999990000099999
B,96,ASN,ND2,A,42,SER,O,0.000999990000099999
