B,4,SER,N,B,2,SER,OG,39.31760682393176
B,6,ARG,N,B,4,SER,OG,49.381506184938154
B,7,GLU,N,B,4,SER,OG,42.65357346426536
B,23,SER,N,B,26,GLN,OE1,41.258587414125856
B,25,SER,N,B,23,SER,OG,72.29827701722982
B,30,VAL,N,B,28,SER,OG,38.444615553844464
B,74,ILE,N,B,73,HIS,ND1,6.212937870621294
B,74,ILE,N,B,73,HIS,NE2,1.3519864801351986
B,78,THR,N,B,75,THR,OG1,20.19679803201968
B,149,ASP,N,B,149,ASP,OD2,24.728752712472875
B,63,ARG,NE,B,59,LEU,O,3.020969790302097
B,69,THR,OG1,B,69,THR,O,0.014999850001499985
B,82,SER,OG,B,73,HIS,O,1.087989120108799
B,96,ASN,ND2,B,94,GLY,O,0.2099979000209998
B,99,ARG,NH1,B,90,LEU,O,87.14612853871462
B,114,SER,OG,B,110,LEU,O,96.8730312696873
B,145,ASN,ND2,B,141,TRP,O,94.69105308946911
B,5,ASN,N,B,139,GLU,OE2,1.018989810101899
B,75,THR,N,B,78,THR,OG1,37.26662733372667
B,93,ASP,N,B,93,ASP,OD2,46.36553634463655
B,18,SER,OG,B,14,SER,O,35.671643283567164
B,48,GLN,NE2,B,44,GLU,O,16.026839731602685
B,62,ARG,NE,B,66,SER,O,0.044999550004499955
B,82,SER,OG,B,78,THR,O,40.67559324406756
B,88,ASN,ND2,B,84,GLU,O,64.17135828641713
B,111,CYS,SG,B,123,VAL,O,1.6029839701602984
B,114,SER,OG,B,111,CYS,O,1.4519854801451986
B,132,THR,OG1,B,128,ALA,O,54.61245387546124
B,77,GLY,N,B,75,THR,OG1,12.968870311296888
B,111,CYS,SG,B,13,LEU,O,9.355906440935591
B,149,ASP,N,B,149,ASP,OD1,24.712752872471274
B,16,LYS,NZ,B,54,GLY,O,4.738952610473896
B,51,ARG,NE,B,51,ARG,O,0.05799942000579994
B,78,THR,OG1,B,75,THR,O,0.6529934700652993
B,125,ARG,NE,B,121,VAL,O,4.702952970470296
B,94,GLY,N,B,93,ASP,OD2,1.9299807001929978
B,14,SER,OG,B,10,VAL,O,18.75681243187568
B,120,GLN,N,B,120,GLN,NE2,5.380946190538094
B,48,GLN,NE2,B,47,LYS,O,0.011999880001199989
B,111,CYS,SG,B,111,CYS,O,7.0719292807071925
B,120,GLN,NE2,B,118,GLU,O,2.4619753802461974
B,143,GLN,NE2,B,139,GLU,O,12.803871961280386
B,135,ASN,N,B,135,ASN,OD1,2.001979980200198
B,24,TRP,N,B,23,SER,OG,0.8049919500804992
B,36,GLU,N,B,35,THR,OG1,1.7899821001789982
B,60,ARG,NE,B,56,GLU,O,2.154978450215498
B,124,SER,OG,B,28,SER,O,0.00899991000089999
B,96,ASN,ND2,B,93,ASP,O,0.016999830001699984
B,3,GLN,N,B,43,SER,OG,3.759962400375996
B,16,LYS,NZ,B,54,GLY,O,4.377956220437795
B,51,ARG,NH1,B,48,GLN,O,0.000999990000099999
B,62,ARG,NH2,B,58,GLU,O,0.20099799002009977
B,15,TYR,N,B,14,SER,OG,0.1049989500104999
B,26,GLN,N,B,23,SER,OG,20.90379096209038
B,34,ARG,NH2,B,7,GLU,O,0.20599794002059982
B,3,GLN,NE2,B,39,GLU,O,0.6169938300616994
B,81,GLN,NE2,B,77,GLY,O,5.772942270577294
B,133,TYR,OH,B,87,VAL,O,0.15099849001509985
B,66,SER,OG,B,65,PHE,O,0.5389946100538995
B,132,THR,OG1,B,129,TRP,O,1.003989960100399
B,78,THR,OG1,B,73,HIS,O,3.281967180328197
B,67,ASP,N,B,67,ASP,OD1,13.377866221337786
B,68,LEU,N,B,67,ASP,OD2,3.8289617103828966
B,73,HIS,N,B,82,SER,OG,0.3359966400335997
B,93,ASP,N,B,93,ASP,OD1,45.54954450455496
B,61,TYR,OH,B,67,ASP,O,4.192958070419295
B,71,GLN,NE2,B,67,ASP,O,21.34278657213428
B,71,GLN,NE2,B,67,ASP,O,24.369756302436976
B,81,GLN,NE2,B,78,THR,O,0.3039969600303997
B,155,TYR,OH,B,52,GLU,O,0.006999930000699994
B,71,GLN,N,B,71,GLN,NE2,0.6199938000619994
B,66,SER,OG,B,62,ARG,O,0.04899951000489995
B,71,GLN,NE2,B,65,PHE,O,21.87678123218768
B,5,ASN,N,B,139,GLU,OE1,0.953990460095399
B,75,THR,N,B,73,HIS,ND1,0.10399896001039989
B,4,SER,N,B,43,SER,OG,3.108968910310897
B,43,SER,OG,B,4,SER,O,0.3169968300316997
B,47,LYS,NZ,B,7,GLU,O,0.3269967300326997
B,1,MET,N,B,42,GLU,OE1,1.2689873101268987
B,1,MET,N,B,42,GLU,OE2,1.2539874601253986
B,141,TRP,NE1,B,95,VAL,O,3.152968470315297
B,33,ASN,ND2,B,31,GLU,O,1.044989550104499
B,135,ASN,ND2,B,5,ASN,O,0.7139928600713993
B,1,MET,N,B,42,GLU,OE2,1.3589864101358986
B,1,MET,N,B,42,GLU,OE1,1.3419865801341988
B,43,SER,N,B,3,GLN,OE1,0.7499925000749992
B,63,ARG,NH2,B,60,ARG,O,0.0059999400005999945
B,75,THR,OG1,B,75,THR,O,1.0759892401075988
B,42,GLU,N,B,3,GLN,OE1,0.929990700092999
B,42,GLU,N,B,3,GLN,NE2,0.5829941700582995
B,51,ARG,NH2,B,51,ARG,O,0.0029999700002999972
B,2,SER,OG,B,4,SER,O,6.565934340656593
B,28,SER,OG,B,123,VAL,O,0.11899881001189987
B,120,GLN,NE2,B,115,VAL,O,1.147988520114799
B,67,ASP,N,B,67,ASP,OD2,12.335876641233588
B,150,THR,N,B,149,ASP,OD2,0.6159938400615994
B,3,GLN,N,B,3,GLN,OE1,3.366966330336697
B,75,THR,N,B,73,HIS,NE2,0.003999960000399996
B,81,GLN,N,B,81,GLN,NE2,0.955990440095599
B,97,TRP,N,B,96,ASN,OD1,0.32199678003219967
B,94,GLY,N,B,93,ASP,OD1,1.8649813501864982
B,63,ARG,NE,B,60,ARG,O,0.1789982100178998
B,41,THR,N,B,3,GLN,NE2,0.04899951000489995
B,105,SER,OG,B,54,GLY,O,4.350956490435095
B,99,ARG,NH1,B,93,ASP,O,2.910970890291097
B,27,PHE,N,B,23,SER,OG,0.001999980000199998
B,150,THR,N,B,149,ASP,OD1,0.5649943500564995
B,85,GLN,NE2,B,81,GLN,O,16.674833251667483
B,62,ARG,NE,B,58,GLU,O,0.8159918400815992
B,148,TRP,N,B,149,ASP,OD1,0.34699653003469966
B,23,SER,N,B,26,GLN,NE2,2.5829741702582973
B,125,ARG,NH1,B,76,PRO,O,0.09699903000969991
B,150,THR,OG1,B,145,ASN,O,47.391526084739155
B,16,LYS,NZ,B,54,GLY,O,4.742952570474295
B,70,SER,OG,B,67,ASP,O,2.825971740282597
B,115,VAL,N,B,114,SER,OG,0.023999760002399978
B,99,ARG,NH1,B,94,GLY,O,20.85279147208528
B,11,ASP,N,B,11,ASP,OD1,0.24099759002409976
B,92,ARG,NH2,B,85,GLN,O,0.0879991200087999
B,37,ALA,N,B,36,GLU,OE2,3.792962070379296
B,67,ASP,N,B,66,SER,OG,65.12634873651264
B,26,GLN,NE2,B,23,SER,O,4.743952560474395
B,14,SER,OG,B,11,ASP,O,0.0979990200097999
B,35,THR,OG1,B,36,GLU,O,0.06299937000629993
B,20,LYS,NZ,B,19,GLN,O,0.07299927000729993
B,145,ASN,ND2,B,142,ILE,O,0.3519964800351996
B,37,ALA,N,B,36,GLU,OE1,5.196948030519695
B,25,SER,OG,B,32,GLU,O,0.28099719002809975
B,68,LEU,N,B,67,ASP,OD1,3.7549624503754964
B,124,SER,OG,B,27,PHE,O,6.091939080609194
B,51,ARG,NH1,B,11,ASP,O,0.9309906900930991
B,34,ARG,N,B,25,SER,OG,0.051999480005199945
B,25,SER,OG,B,29,ASP,O,0.018999810001899983
B,135,ASN,ND2,B,135,ASN,O,0.12499875001249988
B,150,THR,N,B,150,THR,OG1,0.044999550004499955
B,43,SER,N,B,43,SER,OG,0.04099959000409996
B,70,SER,N,B,67,ASP,OD2,3.6549634503654964
B,20,LYS,NZ,B,19,GLN,O,0.04899951000489995
B,40,GLY,N,B,3,GLN,NE2,0.19099809001909981
B,3,GLN,N,B,2,SER,OG,4.974950250497495
B,68,LEU,N,B,70,SER,OG,0.8879911200887991
B,120,GLN,N,B,120,GLN,OE1,6.917930820691794
B,40,GLY,N,B,3,GLN,OE1,0.23599764002359977
B,41,THR,N,B,3,GLN,OE1,0.18599814001859982
B,20,LYS,NZ,B,19,GLN,O,0.05999940000599994
B,25,SER,OG,B,31,GLU,O,0.37899621003789963
B,42,GLU,N,B,42,GLU,OE1,6.456935430645694
B,42,GLU,N,B,42,GLU,OE2,6.296937030629694
B,48,GLN,NE2,B,48,GLN,O,3.3609663903360967
B,148,TRP,N,B,149,ASP,OD2,0.3519964800351996
B,120,GLN,NE2,B,26,GLN,O,4.758952410475895
B,2,SER,OG,B,1,MET,O,0.11399886001139989
B,73,HIS,N,B,73,HIS,ND1,0.4649953500464995
B,120,GLN,NE2,B,27,PHE,O,3.618963810361896
B,135,ASN,ND2,B,131,ALA,O,3.5779642203577966
B,28,SER,OG,B,27,PHE,O,0.4229957700422996
B,24,TRP,NE1,B,28,SER,O,0.019999800001999978
B,96,ASN,ND2,B,93,ASP,O,0.0029999700002999972
B,97,TRP,NE1,B,145,ASN,O,8.260917390826092
B,135,ASN,ND2,B,134,LEU,O,0.060999390006099934
B,33,ASN,N,B,33,ASN,OD1,2.8269717302826973
B,99,ARG,NH2,B,93,ASP,O,0.6969930300696994
B,2,SER,N,B,3,GLN,NE2,0.06999930000699993
B,3,GLN,NE2,B,2,SER,O,0.7219927800721994
B,82,SER,OG,B,79,ALA,O,5.453945460545395
B,117,LYS,NZ,B,113,GLU,O,1.4319856801431985
B,32,GLU,N,B,25,SER,OG,2.052979470205298
B,111,CYS,SG,B,107,GLY,O,52.47347526524735
B,117,LYS,NZ,B,113,GLU,O,1.4259857401425986
B,5,ASN,ND2,B,2,SER,O,1.2029879701202988
B,28,SER,OG,B,24,TRP,O,1.4699853001469987
B,33,ASN,N,B,32,GLU,OE1,6.620933790662094
B,92,ARG,N,B,93,ASP,OD1,0.7819921800781992
B,148,TRP,N,B,1,MET,SD,1.6549834501654985
B,6,ARG,NH1,B,131,ALA,O,0.24199758002419977
B,37,ALA,N,B,7,GLU,OE2,0.009999900000999989
B,19,GLN,NE2,B,15,TYR,O,9.549904500954991
B,20,LYS,NZ,B,112,VAL,O,6.299937000629993
B,20,LYS,NZ,B,112,VAL,O,6.307936920630794
B,55,ASP,N,B,55,ASP,OD2,0.3489965100348996
B,48,GLN,NE2,B,155,TYR,O,0.037999620003799965
B,22,TYR,OH,B,116,ASP,O,0.032999670003299966
B,6,ARG,NH2,B,128,ALA,O,0.40399596004039956
B,60,ARG,NH1,B,56,GLU,O,0.34999650003499966
B,18,SER,OG,B,15,TYR,O,1.9959800401995982
B,48,GLN,NE2,B,156,GLY,O,4.3149568504314955
B,75,THR,N,B,75,THR,OG1,0.06499935000649994
B,48,GLN,NE2,B,45,ALA,O,0.4129958700412996
B,74,ILE,N,B,75,THR,OG1,0.000999990000099999
B,125,ARG,NH2,B,121,VAL,O,1.096989030109699
B,96,ASN,ND2,B,95,VAL,O,3.2059679403205967
B,99,ARG,N,B,96,ASN,OD1,84.29915700842992
B,48,GLN,NE2,B,156,GLY,O,0.2949970500294997
B,22,TYR,OH,B,115,VAL,O,0.905990940090599
B,98,GLY,N,B,96,ASN,OD1,22.207777922220778
B,105,SER,OG,B,105,SER,O,0.23899761002389974
B,33,ASN,ND2,B,34,ARG,O,0.011999880001199989
B,114,SER,OG,B,119,MET,O,2.6349736502634973
B,31,GLU,N,B,25,SER,OG,0.06699933000669994
B,23,SER,OG,B,32,GLU,O,0.000999990000099999
B,34,ARG,N,B,23,SER,OG,0.000999990000099999
B,40,GLY,N,B,7,GLU,OE2,0.0029999700002999972
B,28,SER,OG,B,28,SER,O,0.027999720002799974
B,111,CYS,SG,B,108,GLY,O,2.876971230287697
B,2,SER,N,B,42,GLU,OE1,0.024999750002499977
B,37,ALA,N,B,35,THR,OG1,1.6789832101678983
B,42,GLU,N,B,41,THR,OG1,3.2199678003219967
B,35,THR,OG1,B,37,ALA,O,0.44899551004489957
B,92,ARG,N,B,93,ASP,OD2,0.8779912200877991
B,71,GLN,NE2,B,70,SER,O,0.2879971200287997
B,26,GLN,NE2,B,30,VAL,O,0.000999990000099999
B,143,GLN,NE2,B,140,PRO,O,0.5349946500534994
B,51,ARG,NE,B,48,GLN,O,0.1839981600183998
B,55,ASP,N,B,55,ASP,OD1,0.2969970300296997
B,40,GLY,N,B,7,GLU,OE1,0.0029999700002999972
B,33,ASN,ND2,B,32,GLU,O,0.16899831001689983
B,1,MET,N,B,1,MET,SD,0.4149958500414995
B,18,SER,OG,B,22,TYR,O,0.6649933500664993
B,41,THR,N,B,43,SER,OG,0.000999990000099999
B,117,LYS,NZ,B,113,GLU,O,1.4289857101428987
B,156,GLY,N,B,52,GLU,OE2,34.326656733432664
B,20,LYS,NZ,B,20,LYS,O,0.039999600003999956
B,156,GLY,N,B,52,GLU,OE1,34.58065419345807
B,1,MET,N,B,1,MET,SD,0.40399596004039956
B,1,MET,N,B,149,ASP,OD2,0.7889921100788992
B,41,THR,OG1,B,39,GLU,O,0.6859931400685992
B,24,TRP,NE1,B,123,VAL,O,15.366846331536685
B,33,ASN,ND2,B,28,SER,O,0.001999980000199998
B,39,GLU,N,B,39,GLU,OE2,4.430955690443096
B,39,GLU,N,B,39,GLU,OE1,4.639953600463995
B,28,SER,OG,B,25,SER,O,0.012999870001299986
B,29,ASP,N,B,29,ASP,OD2,8.632913670863292
B,29,ASP,N,B,29,ASP,OD1,8.790912090879091
B,33,ASN,N,B,28,SER,OG,0.03399966000339997
B,32,GLU,N,B,32,GLU,OE1,0.4219957800421996
B,24,TRP,N,B,32,GLU,OE1,0.0049999500004999945
B,25,SER,N,B,32,GLU,OE1,0.05999940000599994
B,2,SER,N,B,42,GLU,OE2,0.037999620003799965
B,40,GLY,N,B,41,THR,OG1,0.06899931000689993
B,121,VAL,N,B,120,GLN,OE1,2.111978880211198
B,120,GLN,NE2,B,118,GLU,O,1.7919820801791984
B,47,LYS,NZ,B,7,GLU,O,0.4579954200457996
B,51,ARG,NE,B,47,LYS,O,1.3619863801361987
B,26,GLN,NE2,B,21,GLY,O,0.4359956400435996
B,151,PHE,N,B,150,THR,OG1,0.12299877001229988
B,1,MET,N,B,149,ASP,OD1,1.2939870601293988
B,1,MET,N,B,149,ASP,OD2,1.098989010109899
B,32,GLU,N,B,32,GLU,OE2,0.4669953300466995
B,29,ASP,N,B,28,SER,OG,20.00579994200058
B,28,SER,OG,B,31,GLU,O,0.12999870001299987
B,28,SER,OG,B,29,ASP,O,1.975980240197598
B,69,THR,OG1,B,109,ALA,O,0.07399926000739993
B,81,GLN,NE2,B,81,GLN,O,2.976970230297697
B,24,TRP,N,B,18,SER,OG,0.04199958000419996
B,120,GLN,NE2,B,26,GLN,O,2.5659743402565978
B,1,MET,N,B,3,GLN,NE2,0.3429965700342996
B,124,SER,OG,B,120,GLN,O,3.129968700312997
B,124,SER,OG,B,121,VAL,O,1.4579854201457985
B,41,THR,OG1,B,38,PRO,O,7.454925450745492
B,2,SER,N,B,5,ASN,OD1,0.1789982100178998
B,19,GLN,NE2,B,16,LYS,O,2.5209747902520974
B,47,LYS,NZ,B,40,GLY,O,0.024999750002499977
B,2,SER,N,B,1,MET,SD,0.5279947200527995
B,120,GLN,NE2,B,120,GLN,O,0.4129958700412996
B,24,TRP,NE1,B,33,ASN,O,0.04899951000489995
B,66,SER,OG,B,66,SER,O,0.012999870001299986
B,92,ARG,NE,B,88,ASN,O,1.020989790102099
B,92,ARG,NH2,B,88,ASN,O,0.38799612003879963
B,48,GLN,N,B,48,GLN,NE2,0.03899961000389996
B,4,SER,N,B,7,GLU,OE2,1.2059879401205988
B,18,SER,OG,B,18,SER,O,0.1759982400175998
B,70,SER,N,B,70,SER,OG,0.026999730002699972
B,63,ARG,NH2,B,59,LEU,O,0.8289917100828992
B,3,GLN,N,B,7,GLU,OE2,0.33199668003319965
B,43,SER,OG,B,40,GLY,O,0.060999390006099934
B,71,GLN,N,B,70,SER,OG,0.03899961000389996
B,51,ARG,NH1,B,47,LYS,O,0.3669963300366996
B,34,ARG,N,B,32,GLU,OE2,14.744852551474485
B,69,THR,N,B,69,THR,OG1,0.24599754002459975
B,40,GLY,N,B,42,GLU,OE1,0.1979980200197998
B,43,SER,N,B,42,GLU,OE1,4.756952430475695
B,30,VAL,N,B,29,ASP,OD1,1.908980910190898
B,32,GLU,N,B,31,GLU,OE2,4.608953910460896
B,41,THR,N,B,42,GLU,OE1,1.3209867901320986
B,36,GLU,N,B,36,GLU,OE2,1.6669833301666985
B,15,TYR,OH,B,51,ARG,O,3.5989640103598965
B,25,SER,N,B,25,SER,OG,0.0979990200097999
B,71,GLN,NE2,B,68,LEU,O,0.12099879001209989
B,78,THR,OG1,B,77,GLY,O,0.049999500004999954
B,40,GLY,N,B,42,GLU,OE2,0.19099809001909981
B,43,SER,N,B,42,GLU,OE2,3.985960140398596
B,92,ARG,NE,B,89,GLU,O,1.972980270197298
B,88,ASN,ND2,B,87,VAL,O,0.07099929000709992
B,41,THR,N,B,42,GLU,OE2,1.1269887301126988
B,1,MET,N,B,149,ASP,OD1,0.7279927200727992
B,145,ASN,ND2,B,147,GLY,O,0.14599854001459986
B,19,GLN,NE2,B,18,SER,O,0.027999720002799974
B,73,HIS,NE2,B,70,SER,O,16.473835261647384
B,47,LYS,NZ,B,40,GLY,O,0.010999890001099988
B,79,ALA,N,B,75,THR,OG1,2.5439745602543975
B,34,ARG,NH2,B,10,VAL,O,0.010999890001099988
B,4,SER,N,B,7,GLU,OE1,1.2619873801261987
B,34,ARG,NE,B,33,ASN,O,0.02099979000209998
B,143,GLN,NE2,B,143,GLN,O,0.8569914300856992
B,31,GLU,N,B,28,SER,OG,0.48099519004809954
B,19,GLN,N,B,19,GLN,NE2,0.02899971000289997
B,19,GLN,NE2,B,15,TYR,O,0.018999810001899983
B,47,LYS,NZ,B,7,GLU,O,0.41399586004139954
B,136,ASP,N,B,136,ASP,OD1,0.25699743002569975
B,63,ARG,NH1,B,63,ARG,O,0.13499865001349987
B,5,ASN,ND2,B,134,LEU,O,0.935990640093599
B,34,ARG,NH1,B,10,VAL,O,0.0049999500004999945
B,33,ASN,ND2,B,31,GLU,O,4.906950930490695
B,34,ARG,NH1,B,33,ASN,O,0.1849981500184998
B,47,LYS,NZ,B,40,GLY,O,0.02999970000299997
B,33,ASN,ND2,B,24,TRP,O,0.018999810001899983
B,85,GLN,NE2,B,82,SER,O,0.24299757002429978
B,36,GLU,N,B,36,GLU,OE1,1.6539834601653984
B,48,GLN,NE2,B,155,TYR,O,0.03199968000319997
B,3,GLN,N,B,7,GLU,OE1,0.3119968800311997
B,40,GLY,N,B,43,SER,OG,0.006999930000699994
B,114,SER,OG,B,122,LEU,O,0.016999830001699984
B,34,ARG,N,B,32,GLU,OE1,8.532914670853293
B,3,GLN,NE2,B,38,PRO,O,0.04399956000439995
B,63,ARG,NE,B,63,ARG,O,0.1899981000189998
B,75,THR,OG1,B,74,ILE,O,0.3709962900370996
B,75,THR,OG1,B,73,HIS,O,0.37899621003789963
B,11,ASP,N,B,11,ASP,OD2,0.18599814001859982
B,30,VAL,N,B,29,ASP,OD2,1.7009829901700981
B,33,ASN,N,B,32,GLU,OE2,10.82489175108249
B,40,GLY,N,B,39,GLU,OE1,2.796972030279697
B,40,GLY,N,B,39,GLU,OE2,3.1269687303126967
B,41,THR,N,B,41,THR,OG1,0.023999760002399978
B,92,ARG,NH1,B,88,ASN,O,0.3119968800311997
B,43,SER,OG,B,1,MET,O,0.5799942000579994
B,1,MET,N,B,43,SER,OG,0.2799972000279997
B,51,ARG,NH2,B,44,GLU,O,0.01799982000179998
B,117,LYS,NZ,B,74,ILE,O,1.1709882901170987
B,117,LYS,NZ,B,74,ILE,O,1.1909880901190988
B,117,LYS,NZ,B,74,ILE,O,1.2049879501204988
B,125,ARG,NH2,B,124,SER,O,0.019999800001999978
B,62,ARG,NE,B,59,LEU,O,0.00899991000089999
B,125,ARG,NE,B,124,SER,O,0.05499945000549994
B,71,GLN,N,B,71,GLN,OE1,0.04599954000459995
B,33,ASN,ND2,B,33,ASN,O,0.05299947000529995
B,31,GLU,N,B,31,GLU,OE1,2.021979780202198
B,125,ARG,NH1,B,76,PRO,O,0.23199768002319976
B,125,ARG,NH2,B,76,PRO,O,0.0979990200097999
B,132,THR,OG1,B,132,THR,O,0.060999390006099934
B,32,GLU,N,B,31,GLU,OE1,4.285957140428596
B,30,VAL,N,B,25,SER,OG,0.22199778002219978
B,31,GLU,N,B,31,GLU,OE2,1.9519804801951979
B,47,LYS,NZ,B,41,THR,O,0.26999730002699973
B,150,THR,OG1,B,147,GLY,O,5.313946860531395
B,149,ASP,N,B,1,MET,SD,0.011999880001199989
B,105,SER,OG,B,101,VAL,O,80.18819811801882
B,51,ARG,NH2,B,48,GLN,O,0.21999780002199976
B,51,ARG,NH2,B,156,GLY,O,0.026999730002699972
B,97,TRP,NE1,B,150,THR,O,0.15499845001549986
B,41,THR,OG1,B,37,ALA,O,6.257937420625794
B,62,ARG,NH1,B,58,GLU,O,0.2799972000279997
B,116,ASP,N,B,116,ASP,OD2,2.261977380226198
B,121,VAL,N,B,120,GLN,NE2,0.037999620003799965
B,39,GLU,N,B,3,GLN,OE1,1.082989170108299
B,35,THR,OG1,B,33,ASN,O,1.8319816801831983
B,34,ARG,NE,B,34,ARG,O,0.1949980500194998
B,34,ARG,NH1,B,35,THR,O,0.996990030099699
B,24,TRP,NE1,B,29,ASP,O,15.452845471545285
B,26,GLN,NE2,B,26,GLN,O,0.8819911800881991
B,3,GLN,NE2,B,39,GLU,O,0.5339946600533995
B,114,SER,OG,B,114,SER,O,0.30099699003009966
B,124,SER,N,B,124,SER,OG,0.07199928000719992
B,5,ASN,N,B,135,ASN,OD1,11.971880281197187
B,107,GLY,N,B,130,MET,SD,0.047999520004799956
B,3,GLN,NE2,B,3,GLN,O,1.098989010109899
B,33,ASN,ND2,B,30,VAL,O,0.42999570004299953
B,43,SER,OG,B,39,GLU,O,0.23899761002389974
B,117,LYS,NZ,B,70,SER,O,0.000999990000099999
B,117,LYS,NZ,B,70,SER,O,0.000999990000099999
B,117,LYS,NZ,B,70,SER,O,0.000999990000099999
B,2,SER,OG,B,43,SER,O,0.05299947000529995
B,63,ARG,NH1,B,59,LEU,O,0.1049989500104999
B,145,ASN,ND2,B,144,GLU,O,0.03699963000369996
B,119,MET,N,B,114,SER,OG,0.04699953000469995
B,20,LYS,NZ,B,112,VAL,O,6.009939900600994
B,41,THR,OG1,B,36,GLU,O,0.007999920000799993
B,36,GLU,N,B,32,GLU,OE2,0.007999920000799993
B,69,THR,N,B,70,SER,OG,0.000999990000099999
B,135,ASN,ND2,B,132,THR,O,0.03599964000359996
B,2,SER,N,B,2,SER,OG,0.030999690003099968
B,120,GLN,NE2,B,27,PHE,O,0.8779912200877991
B,122,LEU,N,B,119,MET,SD,0.06299937000629993
B,6,ARG,NH2,B,124,SER,O,1.6819831801681981
B,26,GLN,NE2,B,25,SER,O,0.24099759002409976
B,143,GLN,NE2,B,146,GLY,O,0.006999930000699994
B,121,VAL,N,B,119,MET,SD,0.027999720002799974
B,36,GLU,N,B,32,GLU,OE1,0.0059999400005999945
B,97,TRP,NE1,B,147,GLY,O,0.05299947000529995
B,150,THR,OG1,B,146,GLY,O,2.7579724202757974
B,6,ARG,NH1,B,124,SER,O,2.011979880201198
B,34,ARG,NE,B,35,THR,O,0.3099969000309997
B,5,ASN,N,B,4,SER,OG,0.2089979100208998
B,92,ARG,NE,B,92,ARG,O,0.026999730002699972
B,6,ARG,NH2,B,124,SER,O,0.20099799002009977
B,5,ASN,ND2,B,134,LEU,O,0.07899921000789992
B,6,ARG,NH1,B,127,ALA,O,0.15499845001549986
B,148,TRP,N,B,143,GLN,NE2,0.1849981500184998
B,71,GLN,NE2,B,71,GLN,O,0.15299847001529984
B,88,ASN,ND2,B,83,PHE,O,0.11999880001199988
B,136,ASP,N,B,136,ASP,OD2,0.24699753002469976
B,3,GLN,NE2,B,1,MET,O,2.2189778102218978
B,116,ASP,N,B,116,ASP,OD1,1.4209857901420986
B,29,ASP,N,B,124,SER,OG,4.483955160448396
B,148,TRP,N,B,2,SER,OG,0.011999880001199989
B,2,SER,OG,B,2,SER,O,0.11899881001189987
B,1,MET,N,B,3,GLN,NE2,0.2889971100288997
B,123,VAL,N,B,114,SER,OG,0.16499835001649985
B,35,THR,N,B,44,GLU,OE1,0.018999810001899983
B,23,SER,OG,B,21,GLY,O,0.03899961000389996
B,4,SER,OG,B,3,GLN,O,0.023999760002399978
B,35,THR,N,B,44,GLU,OE2,0.011999880001199989
B,3,GLN,N,B,42,GLU,OE1,0.09299907000929991
B,117,LYS,NZ,B,116,ASP,O,0.061999380006199936
B,5,ASN,ND2,B,3,GLN,O,0.3299967000329997
B,51,ARG,NH2,B,47,LYS,O,0.051999480005199945
B,25,SER,OG,B,30,VAL,O,0.4999950000499995
B,34,ARG,N,B,33,ASN,OD1,0.5459945400545995
B,6,ARG,NH2,B,131,ALA,O,0.3139968600313997
B,19,GLN,NE2,B,19,GLN,O,0.20599794002059982
B,122,LEU,N,B,114,SER,OG,0.06499935000649994
B,88,ASN,N,B,88,ASN,OD1,0.13199868001319986
B,6,ARG,NE,B,131,ALA,O,0.2029979700202998
B,117,LYS,NZ,B,116,ASP,O,0.04699953000469995
B,23,SER,OG,B,22,TYR,O,0.04899951000489995
B,120,GLN,NE2,B,115,VAL,O,0.5139948600513995
B,3,GLN,NE2,B,1,MET,O,0.17999820001799982
B,66,SER,OG,B,64,ALA,O,0.001999980000199998
B,43,SER,N,B,3,GLN,NE2,0.1059989400105999
B,92,ARG,NH1,B,92,ARG,O,0.05599944000559995
B,117,LYS,NZ,B,72,LEU,O,0.24599754002459975
B,117,LYS,NZ,B,72,LEU,O,0.1759982400175998
B,35,THR,OG1,B,40,GLY,O,0.016999830001699984
B,28,SER,OG,B,30,VAL,O,3.4769652303476963
B,81,GLN,NE2,B,80,TYR,O,0.07399926000739993
B,125,ARG,NH1,B,124,SER,O,0.08299917000829991
B,22,TYR,OH,B,112,VAL,O,0.2549974500254998
B,143,GLN,N,B,143,GLN,NE2,0.03399966000339997
B,3,GLN,N,B,3,GLN,NE2,1.6479835201647985
B,46,VAL,N,B,1,MET,SD,0.0949990500094999
B,124,SER,OG,B,124,SER,O,0.0889991100088999
B,24,TRP,NE1,B,30,VAL,O,3.7919620803791965
B,5,ASN,ND2,B,3,GLN,O,0.044999550004499955
B,6,ARG,NH1,B,131,ALA,O,0.00899991000089999
B,82,SER,N,B,82,SER,OG,0.003999960000399996
B,62,ARG,NH1,B,62,ARG,O,0.049999500004999954
B,62,ARG,NE,B,62,ARG,O,0.06399936000639994
B,105,SER,OG,B,102,ALA,O,0.09299907000929991
B,81,GLN,N,B,81,GLN,OE1,4.315956840431596
B,81,GLN,NE2,B,77,GLY,O,2.6799732002679972
B,80,TYR,N,B,81,GLN,OE1,0.5439945600543995
B,143,GLN,NE2,B,142,ILE,O,0.006999930000699994
B,148,TRP,NE1,B,2,SER,O,0.15999840001599983
B,51,ARG,NH2,B,156,GLY,O,0.012999870001299986
B,37,ALA,N,B,41,THR,OG1,0.2519974800251997
B,24,TRP,NE1,B,31,GLU,O,0.03699963000369996
B,25,SER,N,B,31,GLU,OE2,0.044999550004499955
B,6,ARG,N,B,135,ASN,OD1,0.05799942000579994
B,79,ALA,N,B,78,THR,OG1,0.00899991000089999
B,1,MET,N,B,3,GLN,OE1,0.7709922900770992
B,120,GLN,NE2,B,119,MET,O,0.06399936000639994
B,34,ARG,NE,B,32,GLU,O,0.1879981200187998
B,35,THR,OG1,B,34,ARG,O,0.3149968500314997
B,24,TRP,N,B,31,GLU,OE1,0.014999850001499985
B,25,SER,N,B,31,GLU,OE1,0.044999550004499955
B,1,MET,N,B,3,GLN,OE1,0.5819941800581995
B,85,GLN,NE2,B,85,GLN,O,1.999980000199998
B,33,ASN,ND2,B,10,VAL,O,0.012999870001299986
B,96,ASN,N,B,96,ASN,OD1,0.012999870001299986
B,120,GLN,N,B,118,GLU,OE1,0.011999880001199989
B,117,LYS,NZ,B,116,ASP,O,0.04299957000429996
B,61,TYR,OH,B,65,PHE,O,0.3559964400355996
B,125,ARG,NH1,B,121,VAL,O,1.2829871701282989
B,111,CYS,SG,B,16,LYS,O,0.012999870001299986
B,6,ARG,NE,B,6,ARG,O,0.02899971000289997
B,32,GLU,N,B,33,ASN,OD1,0.07799922000779992
B,148,TRP,NE1,B,4,SER,O,0.007999920000799993
B,34,ARG,NH2,B,35,THR,O,0.11899881001189987
B,111,CYS,SG,B,110,LEU,O,0.016999830001699984
B,85,GLN,NE2,B,84,GLU,O,0.061999380006199936
B,69,THR,N,B,67,ASP,OD1,8.183918160818392
B,70,SER,N,B,67,ASP,OD1,4.596954030459695
B,70,SER,N,B,69,THR,OG1,0.3179968200317997
B,14,SER,OG,B,33,ASN,O,0.010999890001099988
B,82,SER,OG,B,82,SER,O,0.5359946400535995
B,5,ASN,ND2,B,131,ALA,O,0.9909900900990989
B,62,ARG,NH2,B,58,GLU,O,0.0029999700002999972
B,35,THR,N,B,11,ASP,OD1,0.003999960000399996
B,62,ARG,NH2,B,66,SER,O,0.000999990000099999
B,47,LYS,NZ,B,35,THR,O,0.006999930000699994
B,148,TRP,N,B,143,GLN,OE1,0.29099709002909974
B,63,ARG,NH2,B,63,ARG,O,0.0029999700002999972
B,33,ASN,N,B,25,SER,OG,0.015999840001599985
B,69,THR,N,B,67,ASP,OD2,7.2989270107298925
B,6,ARG,NE,B,127,ALA,O,0.06699933000669994
B,35,THR,N,B,11,ASP,OD2,0.0029999700002999972
B,61,TYR,OH,B,68,LEU,O,0.000999990000099999
B,70,SER,OG,B,65,PHE,O,0.006999930000699994
B,148,TRP,NE1,B,1,MET,O,0.42699573004269953
B,1,MET,N,B,43,SER,OG,0.2899971000289997
B,67,ASP,N,B,70,SER,OG,0.47599524004759947
B,3,GLN,NE2,B,42,GLU,O,0.10999890001099988
B,125,ARG,NH2,B,76,PRO,O,0.15699843001569985
B,33,ASN,ND2,B,25,SER,O,0.00899991000089999
B,31,GLU,N,B,32,GLU,OE2,0.0059999400005999945
B,22,TYR,OH,B,120,GLN,O,0.14899851001489986
B,34,ARG,NH2,B,40,GLY,O,0.01799982000179998
B,34,ARG,NE,B,40,GLY,O,0.0059999400005999945
B,34,ARG,NH2,B,37,ALA,O,1.2739872601273987
B,61,TYR,OH,B,66,SER,O,0.3979960200397996
B,27,PHE,N,B,28,SER,OG,0.015999840001599985
B,33,ASN,ND2,B,30,VAL,O,3.2859671403285966
B,78,THR,OG1,B,78,THR,O,0.10699893001069989
B,35,THR,OG1,B,32,GLU,O,0.2689973100268997
B,85,GLN,N,B,81,GLN,NE2,0.034999650003499964
B,34,ARG,NH1,B,40,GLY,O,0.0989990100098999
B,34,ARG,NH2,B,37,ALA,O,0.08399916000839992
B,34,ARG,NH1,B,40,GLY,O,0.027999720002799974
B,6,ARG,NH1,B,29,ASP,O,0.2709972900270997
B,6,ARG,NH2,B,29,ASP,O,0.5179948200517994
B,34,ARG,NH1,B,37,ALA,O,0.31899681003189967
B,24,TRP,NE1,B,27,PHE,O,0.044999550004499955
B,47,LYS,NZ,B,33,ASN,O,0.04299957000429996
B,6,ARG,NH2,B,32,GLU,O,0.38499615003849963
B,20,LYS,NZ,B,20,LYS,O,0.053999460005399944
B,47,LYS,NZ,B,33,ASN,O,0.07599924000759993
B,14,SER,OG,B,14,SER,O,0.14199858001419985
B,26,GLN,N,B,25,SER,OG,0.030999690003099968
B,6,ARG,NH2,B,32,GLU,O,0.025999740002599973
B,47,LYS,NZ,B,33,ASN,O,0.03599964000359996
B,62,ARG,NH1,B,66,SER,O,0.06299937000629993
B,35,THR,N,B,7,GLU,OE2,6.157938420615794
B,85,GLN,N,B,85,GLN,NE2,0.08399916000839992
B,6,ARG,NH1,B,32,GLU,O,0.02999970000299997
B,20,LYS,NZ,B,20,LYS,O,0.02999970000299997
B,133,TYR,N,B,132,THR,OG1,0.23099769002309978
B,34,ARG,NH2,B,40,GLY,O,0.16699833001669984
B,33,ASN,ND2,B,7,GLU,O,0.016999830001699984
B,33,ASN,N,B,11,ASP,OD1,0.2119978800211998
B,33,ASN,N,B,11,ASP,OD2,0.2049979500204998
B,35,THR,N,B,3,GLN,OE1,0.6169938300616994
B,35,THR,N,B,3,GLN,NE2,0.5349946500534994
B,33,ASN,ND2,B,6,ARG,O,0.42799572004279957
B,70,SER,OG,B,69,THR,O,0.012999870001299986
B,35,THR,N,B,7,GLU,OE1,5.577944220557794
B,89,GLU,N,B,85,GLN,NE2,0.000999990000099999
B,125,ARG,N,B,124,SER,OG,0.23399766002339975
B,14,SER,OG,B,31,GLU,O,0.018999810001899983
B,99,ARG,NH1,B,91,PHE,O,0.027999720002799974
B,148,TRP,NE1,B,5,ASN,O,0.000999990000099999
B,44,GLU,N,B,43,SER,OG,0.23999760002399975
B,147,GLY,N,B,143,GLN,OE1,0.001999980000199998
B,73,HIS,NE2,B,71,GLN,O,0.0049999500004999945
B,137,HIS,N,B,137,HIS,NE2,0.07499925000749992
B,150,THR,N,B,145,ASN,OD1,0.000999990000099999
B,41,THR,OG1,B,35,THR,O,0.007999920000799993
B,97,TRP,N,B,155,TYR,OH,0.0029999700002999972
B,25,SER,OG,B,25,SER,O,0.07199928000719992
B,85,GLN,N,B,81,GLN,OE1,0.02099979000209998
B,5,ASN,N,B,5,ASN,OD1,0.8849911500884992
B,117,LYS,NZ,B,72,LEU,O,0.2179978200217998
B,34,ARG,NH1,B,36,GLU,O,0.025999740002599973
B,74,ILE,N,B,78,THR,OG1,0.001999980000199998
B,6,ARG,NH1,B,128,ALA,O,0.21999780002199976
B,75,THR,OG1,B,78,THR,O,0.24999750002499976
B,117,LYS,NZ,B,73,HIS,O,0.00899991000089999
B,117,LYS,NZ,B,73,HIS,O,0.007999920000799993
B,117,LYS,NZ,B,73,HIS,O,0.010999890001099988
B,60,ARG,NH1,B,59,LEU,O,0.0029999700002999972
B,98,GLY,N,B,155,TYR,OH,0.011999880001199989
B,63,ARG,NH1,B,62,ARG,O,0.024999750002499977
B,22,TYR,OH,B,27,PHE,O,0.001999980000199998
B,73,HIS,N,B,73,HIS,NE2,0.04299957000429996
B,51,ARG,NH1,B,48,GLN,O,0.001999980000199998
B,34,ARG,NH1,B,35,THR,O,0.001999980000199998
B,31,GLU,N,B,33,ASN,OD1,0.015999840001599985
B,14,SER,OG,B,30,VAL,O,0.0029999700002999972
B,24,TRP,NE1,B,120,GLN,O,3.7619623803761963
B,3,GLN,NE2,B,33,ASN,O,0.21599784002159977
B,70,SER,OG,B,66,SER,O,0.1879981200187998
B,33,ASN,N,B,7,GLU,OE1,1.941980580194198
B,33,ASN,N,B,7,GLU,OE2,1.9899801001989978
B,7,GLU,N,B,7,GLU,OE2,0.3399966000339997
B,7,GLU,N,B,7,GLU,OE1,0.15099849001509985
B,148,TRP,NE1,B,3,GLN,O,0.000999990000099999
B,3,GLN,N,B,4,SER,OG,0.05599944000559995
B,120,GLN,N,B,22,TYR,OH,0.001999980000199998
B,43,SER,OG,B,43,SER,O,0.04299957000429996
B,119,MET,N,B,119,MET,SD,0.053999460005399944
B,51,ARG,NH2,B,11,ASP,O,13.645863541364585
B,74,ILE,N,B,113,GLU,OE2,11.413885861141388
B,34,ARG,NH1,B,34,ARG,O,0.019999800001999978
B,22,TYR,OH,B,119,MET,O,0.000999990000099999
B,26,GLN,N,B,26,GLN,OE1,0.3119968800311997
B,26,GLN,N,B,26,GLN,NE2,0.15999840001599983
B,62,ARG,NH2,B,62,ARG,O,0.012999870001299986
B,62,ARG,NH2,B,65,PHE,O,0.0029999700002999972
B,35,THR,OG1,B,35,THR,O,0.33499665003349965
B,62,ARG,NH1,B,65,PHE,O,0.001999980000199998
B,2,SER,N,B,3,GLN,OE1,0.2549974500254998
B,51,ARG,NE,B,11,ASP,O,7.651923480765192
B,1,MET,N,B,39,GLU,OE1,0.3679963200367996
B,71,GLN,NE2,B,66,SER,O,2.711972880271197
B,1,MET,N,B,39,GLU,OE2,0.3289967100328997
B,47,LYS,NZ,B,43,SER,O,1.2019879801201987
B,47,LYS,NZ,B,43,SER,O,1.5539844601553985
B,1,MET,N,B,39,GLU,OE1,0.34799652003479964
B,1,MET,N,B,39,GLU,OE2,0.32599674003259965
B,71,GLN,NE2,B,66,SER,O,2.3599764002359978
B,47,LYS,NZ,B,43,SER,O,1.1529884701152988
B,40,GLY,N,B,35,THR,OG1,0.003999960000399996
B,155,TYR,OH,B,97,TRP,O,0.36899631003689964
B,66,SER,N,B,67,ASP,OD1,0.000999990000099999
B,68,LEU,N,B,69,THR,OG1,0.0029999700002999972
B,35,THR,N,B,35,THR,OG1,0.08999910000899991
B,23,SER,OG,B,23,SER,O,0.012999870001299986
B,27,PHE,N,B,25,SER,OG,0.000999990000099999
B,23,SER,N,B,23,SER,OG,0.000999990000099999
B,74,ILE,N,B,113,GLU,OE1,7.018929810701893
B,33,ASN,N,B,31,GLU,OE2,2.5899741002589973
B,33,ASN,N,B,31,GLU,OE1,2.165978340216598
B,62,ARG,NH2,B,55,ASP,O,0.0059999400005999945
B,47,LYS,NZ,B,32,GLU,O,0.0029999700002999972
B,25,SER,N,B,32,GLU,OE2,0.037999620003799965
B,6,ARG,NH2,B,6,ARG,O,0.000999990000099999
B,118,GLU,N,B,118,GLU,OE2,0.02099979000209998
B,2,SER,OG,B,39,GLU,O,0.3739962600373996
B,75,THR,N,B,82,SER,OG,0.16399836001639984
B,24,TRP,N,B,14,SER,OG,17.026829731702684
B,100,ILE,N,B,96,ASN,OD1,0.006999930000699994
B,137,HIS,NE2,B,91,PHE,O,5.041949580504195
B,1,MET,N,B,143,GLN,OE1,2.113978860211398
B,1,MET,N,B,143,GLN,NE2,0.9869901300986991
B,1,MET,N,B,143,GLN,OE1,2.089979100208998
B,70,SER,OG,B,70,SER,O,0.14199858001419985
B,1,MET,N,B,139,GLU,OE2,3.153968460315397
B,1,MET,N,B,139,GLU,OE1,3.451965480345197
B,137,HIS,N,B,137,HIS,ND1,0.10099899001009989
B,24,TRP,N,B,32,GLU,OE2,0.030999690003099968
B,78,THR,N,B,78,THR,OG1,0.025999740002599973
B,66,SER,OG,B,67,ASP,O,0.015999840001599985
B,41,THR,OG1,B,41,THR,O,0.5279947200527995
B,6,ARG,NH2,B,127,ALA,O,0.006999930000699994
B,4,SER,N,B,3,GLN,OE1,2.9659703402965967
B,71,GLN,NE2,B,65,PHE,O,22.493775062249377
B,66,SER,N,B,71,GLN,NE2,1.1909880901190988
B,1,MET,N,B,5,ASN,OD1,0.12999870001299987
B,4,SER,N,B,3,GLN,NE2,0.7339926600733993
B,2,SER,N,B,43,SER,OG,0.26399736002639973
B,35,THR,N,B,31,GLU,OE2,0.04599954000459995
B,35,THR,N,B,31,GLU,OE1,0.05999940000599994
B,28,SER,OG,B,10,VAL,O,0.08699913000869991
B,14,SER,OG,B,29,ASP,O,0.006999930000699994
B,31,GLU,N,B,14,SER,OG,0.000999990000099999
B,136,ASP,N,B,135,ASN,OD1,0.007999920000799993
B,135,ASN,ND2,B,132,THR,O,0.17699823001769982
B,112,VAL,N,B,111,CYS,SG,0.1809981900180998
B,24,TRP,N,B,25,SER,OG,0.06999930000699993
B,33,ASN,ND2,B,35,THR,O,0.03199968000319997
B,34,ARG,NH2,B,30,VAL,O,0.011999880001199989
B,25,SER,OG,B,28,SER,O,0.012999870001299986
B,47,LYS,NZ,B,1,MET,O,0.001999980000199998
B,34,ARG,NH1,B,32,GLU,O,1.5329846701532983
B,2,SER,N,B,39,GLU,OE1,0.07699923000769993
B,3,GLN,NE2,B,36,GLU,O,0.2929970700292997
B,3,GLN,NE2,B,35,THR,O,0.05999940000599994
B,6,ARG,NH2,B,29,ASP,O,0.07799922000779992
B,25,SER,OG,B,14,SER,O,0.003999960000399996
B,63,ARG,NH1,B,60,ARG,O,0.000999990000099999
B,31,GLU,N,B,7,GLU,OE1,0.000999990000099999
B,66,SER,N,B,71,GLN,OE1,0.24399756002439973
B,120,GLN,NE2,B,23,SER,O,0.061999380006199936
B,137,HIS,N,B,136,ASP,OD2,0.007999920000799993
B,120,GLN,NE2,B,23,SER,O,0.08599914000859991
B,26,GLN,N,B,120,GLN,OE1,0.000999990000099999
B,33,ASN,N,B,44,GLU,OE2,0.023999760002399978
B,111,CYS,N,B,111,CYS,SG,0.010999890001099988
B,20,LYS,NZ,B,16,LYS,O,0.018999810001899983
B,47,LYS,NZ,B,31,GLU,O,0.001999980000199998
B,34,ARG,NH1,B,32,GLU,O,0.022999770002299975
B,34,ARG,N,B,35,THR,OG1,0.015999840001599985
B,8,LEU,N,B,2,SER,OG,0.011999880001199989
B,33,ASN,ND2,B,40,GLY,O,0.006999930000699994
B,33,ASN,N,B,36,GLU,OE2,0.13899861001389985
B,34,ARG,NH2,B,32,GLU,O,0.039999600003999956
B,33,ASN,N,B,44,GLU,OE1,0.01799982000179998
B,5,ASN,ND2,B,4,SER,O,0.11899881001189987
B,35,THR,N,B,33,ASN,OD1,0.6579934200657994
B,33,ASN,ND2,B,35,THR,O,0.27399726002739977
B,143,GLN,NE2,B,2,SER,O,0.039999600003999956
B,20,LYS,NZ,B,21,GLY,O,0.000999990000099999
B,88,ASN,ND2,B,88,ASN,O,0.04099959000409996
B,37,ALA,N,B,33,ASN,OD1,0.0059999400005999945
B,48,GLN,NE2,B,41,THR,O,0.000999990000099999
B,48,GLN,NE2,B,41,THR,O,0.012999870001299986
B,132,THR,N,B,132,THR,OG1,0.0059999400005999945
B,20,LYS,NZ,B,16,LYS,O,0.015999840001599985
B,33,ASN,ND2,B,40,GLY,O,0.001999980000199998
B,26,GLN,NE2,B,23,SER,O,0.07699923000769993
B,25,SER,N,B,26,GLN,NE2,0.000999990000099999
B,5,ASN,ND2,B,5,ASN,O,0.010999890001099988
B,47,LYS,NZ,B,1,MET,O,0.001999980000199998
B,47,LYS,NZ,B,1,MET,O,0.0029999700002999972
B,25,SER,N,B,26,GLN,OE1,0.000999990000099999
B,27,PHE,N,B,26,GLN,OE1,0.006999930000699994
B,1,MET,N,B,7,GLU,OE1,0.07499925000749992
B,1,MET,N,B,7,GLU,OE2,0.11899881001189987
B,1,MET,N,B,7,GLU,OE1,0.06299937000629993
B,1,MET,N,B,7,GLU,OE2,0.12299877001229988
B,117,LYS,NZ,B,117,LYS,O,0.000999990000099999
B,1,MET,N,B,4,SER,OG,2.3789762102378975
B,2,SER,N,B,39,GLU,OE2,0.08199918000819992
B,3,GLN,N,B,39,GLU,OE1,0.000999990000099999
B,3,GLN,N,B,39,GLU,OE2,0.0029999700002999972
B,20,LYS,NZ,B,16,LYS,O,0.011999880001199989
B,37,ALA,N,B,44,GLU,OE1,0.8849911500884992
B,5,ASN,ND2,B,1,MET,O,0.3809961900380996
B,27,PHE,N,B,120,GLN,OE1,0.000999990000099999
B,5,ASN,ND2,B,1,MET,O,0.20099799002009977
B,34,ARG,NH2,B,25,SER,O,0.000999990000099999
B,2,SER,N,B,7,GLU,OE2,0.07899921000789992
B,19,GLN,N,B,19,GLN,OE1,0.012999870001299986
B,8,LEU,N,B,1,MET,SD,0.009999900000999989
B,47,LYS,NZ,B,31,GLU,O,0.000999990000099999
B,20,LYS,NZ,B,115,VAL,O,0.000999990000099999
B,48,GLN,NE2,B,33,ASN,O,0.001999980000199998
B,1,MET,N,B,143,GLN,NE2,1.0409895901040989
B,1,MET,N,B,5,ASN,OD1,0.14999850001499984
B,43,SER,OG,B,42,GLU,O,0.06699933000669994
B,20,LYS,NZ,B,115,VAL,O,0.001999980000199998
B,73,HIS,NE2,B,74,ILE,O,0.003999960000399996
B,33,ASN,ND2,B,39,GLU,O,0.009999900000999989
B,33,ASN,ND2,B,39,GLU,O,0.006999930000699994
B,2,SER,N,B,7,GLU,OE1,0.03199968000319997
B,1,MET,N,B,139,GLU,OE1,3.660963390366096
B,41,THR,N,B,39,GLU,OE2,0.31299687003129967
B,33,ASN,ND2,B,36,GLU,O,0.051999480005199945
B,7,GLU,N,B,1,MET,SD,0.000999990000099999
B,41,THR,N,B,39,GLU,OE1,0.3519964800351996
B,6,ARG,NH1,B,124,SER,O,0.000999990000099999
B,41,THR,OG1,B,34,ARG,O,0.001999980000199998
B,34,ARG,NH2,B,7,GLU,O,0.006999930000699994
B,1,MET,N,B,139,GLU,OE2,3.0059699403005973
B,23,SER,N,B,120,GLN,NE2,0.000999990000099999
B,42,GLU,N,B,39,GLU,OE1,0.003999960000399996
B,42,GLU,N,B,39,GLU,OE2,0.000999990000099999
B,39,GLU,N,B,32,GLU,OE1,0.13299867001329987
B,47,LYS,NZ,B,39,GLU,O,0.000999990000099999
B,47,LYS,NZ,B,39,GLU,O,0.0049999500004999945
B,39,GLU,N,B,32,GLU,OE2,0.030999690003099968
B,47,LYS,NZ,B,39,GLU,O,0.006999930000699994
B,39,GLU,N,B,44,GLU,OE1,0.0049999500004999945
B,26,GLN,NE2,B,22,TYR,O,0.0029999700002999972
B,24,TRP,N,B,26,GLN,OE1,0.001999980000199998
B,39,GLU,N,B,44,GLU,OE2,0.021999780002199976
B,25,SER,N,B,14,SER,OG,0.7489925100748992
B,6,ARG,NH2,B,30,VAL,O,0.01799982000179998
B,33,ASN,N,B,36,GLU,OE1,0.21699783002169978
B,26,GLN,NE2,B,22,TYR,O,0.0049999500004999945
B,40,GLY,N,B,44,GLU,OE1,0.23099769002309978
B,43,SER,N,B,41,THR,OG1,26.243737562624375
B,40,GLY,N,B,44,GLU,OE2,0.2119978800211998
B,60,ARG,NH1,B,60,ARG,O,0.00899991000089999
B,60,ARG,NH1,B,63,ARG,O,0.001999980000199998
B,96,ASN,ND2,B,94,GLY,O,0.006999930000699994
B,48,GLN,N,B,44,GLU,OE2,0.001999980000199998
B,22,TYR,OH,B,20,LYS,O,0.007999920000799993
B,144,GLU,N,B,143,GLN,NE2,0.000999990000099999
B,35,THR,N,B,36,GLU,OE1,0.20799792002079978
B,34,ARG,N,B,36,GLU,OE1,0.030999690003099968
B,40,GLY,N,B,32,GLU,OE1,0.000999990000099999
B,41,THR,N,B,44,GLU,OE2,0.16299837001629983
B,143,GLN,N,B,143,GLN,OE1,0.003999960000399996
B,118,GLU,N,B,118,GLU,OE1,0.019999800001999978
B,6,ARG,NH1,B,127,ALA,O,0.06399936000639994
B,26,GLN,NE2,B,120,GLN,O,0.01799982000179998
B,26,GLN,NE2,B,120,GLN,O,0.003999960000399996
B,23,SER,OG,B,25,SER,O,0.0059999400005999945
B,26,GLN,NE2,B,24,TRP,O,0.044999550004499955
B,32,GLU,N,B,28,SER,OG,0.0049999500004999945
B,27,PHE,N,B,31,GLU,OE2,0.001999980000199998
B,28,SER,N,B,31,GLU,OE2,0.001999980000199998
B,27,PHE,N,B,26,GLN,NE2,0.001999980000199998
B,35,THR,N,B,36,GLU,OE2,0.16899831001689983
B,135,ASN,ND2,B,3,GLN,O,0.015999840001599985
B,2,SER,N,B,139,GLU,OE1,6.3639363606363935
B,26,GLN,NE2,B,115,VAL,O,0.829991700082999
B,2,SER,N,B,139,GLU,OE2,6.852931470685293
B,34,ARG,NE,B,36,GLU,O,5.287947120528794
B,34,ARG,NH2,B,36,GLU,O,2.5929740702592974
B,150,THR,OG1,B,149,ASP,O,0.010999890001099988
B,47,LYS,NZ,B,38,PRO,O,0.000999990000099999
B,34,ARG,NH2,B,14,SER,O,0.001999980000199998
B,28,SER,OG,B,120,GLN,O,0.24699753002469976
B,33,ASN,ND2,B,37,ALA,O,0.016999830001699984
B,16,LYS,NZ,B,108,GLY,O,0.0029999700002999972
B,33,ASN,ND2,B,36,GLU,O,0.023999760002399978
B,34,ARG,NH2,B,22,TYR,O,0.000999990000099999
B,41,THR,OG1,B,40,GLY,O,0.2129978700212998
B,33,ASN,ND2,B,32,GLU,O,1.4219857801421985
B,3,GLN,N,B,36,GLU,OE1,0.1119988800111999
B,3,GLN,NE2,B,35,THR,O,0.14299857001429986
B,3,GLN,N,B,36,GLU,OE2,0.14199858001419985
B,33,ASN,ND2,B,34,ARG,O,0.15399846001539985
B,82,SER,OG,B,75,THR,O,0.003999960000399996
B,35,THR,OG1,B,3,GLN,O,0.18899811001889982
B,6,ARG,NH1,B,33,ASN,O,0.003999960000399996
B,44,GLU,N,B,44,GLU,OE1,0.38499615003849963
B,3,GLN,N,B,35,THR,OG1,0.23499765002349976
B,36,GLU,N,B,2,SER,OG,0.04399956000439995
B,35,THR,OG1,B,4,SER,O,0.030999690003099968
B,6,ARG,NH1,B,33,ASN,O,0.012999870001299986
B,35,THR,N,B,2,SER,OG,0.06399936000639994
B,4,SER,N,B,35,THR,OG1,0.3949960500394996
B,36,GLU,N,B,7,GLU,OE2,2.5899741002589973
B,34,ARG,NH1,B,36,GLU,O,0.8819911800881991
B,7,GLU,N,B,35,THR,OG1,0.016999830001699984
B,34,ARG,NH1,B,37,ALA,O,0.012999870001299986
B,36,GLU,N,B,7,GLU,OE1,2.854971450285497
B,111,CYS,SG,B,109,ALA,O,0.001999980000199998
B,37,ALA,N,B,42,GLU,OE1,0.17699823001769982
B,68,LEU,N,B,58,GLU,OE2,0.019999800001999978
B,33,ASN,ND2,B,33,ASN,O,0.4149958500414995
B,43,SER,N,B,36,GLU,OE1,2.645973540264597
B,42,GLU,N,B,36,GLU,OE1,1.0409895901040989
B,42,GLU,N,B,36,GLU,OE2,1.4559854401455985
B,43,SER,N,B,36,GLU,OE2,3.9399606003939964
B,41,THR,N,B,36,GLU,OE2,1.5249847501524985
B,41,THR,N,B,36,GLU,OE1,1.2779872201277986
B,44,GLU,N,B,36,GLU,OE1,1.0839891601083989
B,34,ARG,NE,B,37,ALA,O,0.6019939800601993
B,34,ARG,NH2,B,38,PRO,O,0.014999850001499985
B,34,ARG,NE,B,38,PRO,O,0.026999730002699972
B,34,ARG,NH1,B,38,PRO,O,0.3429965700342996
B,34,ARG,NH1,B,38,PRO,O,0.023999760002399978
B,3,GLN,NE2,B,36,GLU,O,0.15499845001549986
B,120,GLN,N,B,119,MET,SD,0.0049999500004999945
B,34,ARG,NH2,B,38,PRO,O,0.019999800001999978
B,72,LEU,N,B,113,GLU,OE1,0.000999990000099999
B,40,GLY,N,B,36,GLU,OE1,0.000999990000099999
B,16,LYS,NZ,B,108,GLY,O,0.003999960000399996
B,44,GLU,N,B,36,GLU,OE2,1.123988760112399
B,80,TYR,OH,B,129,TRP,O,0.001999980000199998
B,85,GLN,N,B,85,GLN,OE1,0.06399936000639994
B,119,MET,N,B,120,GLN,OE1,0.025999740002599973
B,147,GLY,N,B,150,THR,OG1,0.0059999400005999945
B,66,SER,OG,B,70,SER,O,0.0049999500004999945
B,30,VAL,N,B,124,SER,OG,0.04399956000439995
B,72,LEU,N,B,73,HIS,NE2,0.06599934000659993
B,45,ALA,N,B,41,THR,OG1,0.003999960000399996
B,62,ARG,NH2,B,55,ASP,O,0.0029999700002999972
B,63,ARG,NH2,B,56,GLU,O,0.04299957000429996
B,88,ASN,ND2,B,84,GLU,O,2.2629773702262974
B,117,LYS,NZ,B,69,THR,O,0.003999960000399996
B,88,ASN,ND2,B,87,VAL,O,0.006999930000699994
B,88,ASN,ND2,B,83,PHE,O,0.0059999400005999945
B,34,ARG,NE,B,7,GLU,O,0.027999720002799974
B,71,GLN,NE2,B,68,LEU,O,0.1969980300196998
B,51,ARG,NH1,B,44,GLU,O,0.02099979000209998
B,52,GLU,N,B,48,GLN,NE2,0.023999760002399978
B,35,THR,OG1,B,1,MET,O,0.011999880001199989
B,2,SER,OG,B,35,THR,O,0.07499925000749992
B,71,GLN,NE2,B,70,SER,O,0.5689943100568995
B,37,ALA,N,B,3,GLN,NE2,0.07399926000739993
B,111,CYS,SG,B,122,LEU,O,0.15799842001579983
B,88,ASN,ND2,B,88,ASN,O,0.001999980000199998
B,91,PHE,N,B,133,TYR,OH,0.000999990000099999
B,120,GLN,NE2,B,114,SER,O,0.02999970000299997
B,80,TYR,OH,B,76,PRO,O,0.04399956000439995
B,4,SER,OG,B,33,ASN,O,3.192968070319297
B,34,ARG,NH2,B,10,VAL,O,0.0049999500004999945
B,48,GLN,N,B,48,GLN,OE1,0.007999920000799993
B,80,TYR,N,B,81,GLN,NE2,0.003999960000399996
B,6,ARG,NE,B,124,SER,O,0.014999850001499985
B,71,GLN,NE2,B,71,GLN,O,0.24199758002419977
B,80,TYR,OH,B,121,VAL,O,0.037999620003799965
B,43,SER,OG,B,36,GLU,O,0.014999850001499985
B,82,SER,OG,B,81,GLN,O,0.0049999500004999945
B,125,ARG,NH1,B,121,VAL,O,0.0029999700002999972
B,85,GLN,NE2,B,78,THR,O,0.012999870001299986
B,83,PHE,N,B,82,SER,OG,0.5599944000559994
B,1,MET,N,B,36,GLU,OE1,0.09999900000999991
B,1,MET,N,B,36,GLU,OE2,0.09299907000929991
B,1,MET,N,B,36,GLU,OE2,0.06299937000629993
B,92,ARG,NH1,B,89,GLU,O,0.000999990000099999
B,88,ASN,ND2,B,85,GLN,O,0.34099659003409966
B,84,GLU,N,B,84,GLU,OE2,0.06699933000669994
B,1,MET,N,B,36,GLU,OE1,0.037999620003799965
B,43,SER,OG,B,37,ALA,O,0.11799882001179988
B,82,SER,OG,B,80,TYR,O,0.006999930000699994
B,42,GLU,N,B,43,SER,OG,0.07999920000799991
B,84,GLU,N,B,84,GLU,OE1,0.06999930000699993
B,137,HIS,NE2,B,87,VAL,O,0.03899961000389996
B,73,HIS,NE2,B,69,THR,O,0.001999980000199998
B,68,LEU,N,B,58,GLU,OE1,0.025999740002599973
B,145,ASN,ND2,B,145,ASN,O,0.010999890001099988
B,81,GLN,N,B,82,SER,OG,0.001999980000199998
B,125,ARG,NH1,B,125,ARG,O,0.010999890001099988
B,125,ARG,NE,B,125,ARG,O,0.061999380006199936
B,125,ARG,NH2,B,128,ALA,O,0.001999980000199998
B,45,ALA,N,B,1,MET,SD,0.000999990000099999
B,43,SER,N,B,44,GLU,OE2,0.26799732002679977
B,34,ARG,NH1,B,39,GLU,O,0.011999880001199989
B,36,GLU,N,B,3,GLN,NE2,0.3079969200307997
B,37,ALA,N,B,3,GLN,OE1,0.06399936000639994
B,36,GLU,N,B,3,GLN,OE1,0.7059929400705993
B,3,GLN,NE2,B,37,ALA,O,0.2989970100298997
B,39,GLU,N,B,3,GLN,NE2,0.27399726002739977
B,3,GLN,NE2,B,40,GLY,O,0.4729952700472996
B,58,GLU,N,B,105,SER,OG,0.01799982000179998
B,125,ARG,NH1,B,80,TYR,O,0.000999990000099999
B,143,GLN,NE2,B,2,SER,O,0.03199968000319997
B,3,GLN,N,B,42,GLU,OE2,0.07899921000789992
B,122,LEU,N,B,80,TYR,OH,0.011999880001199989
B,24,TRP,NE1,B,10,VAL,O,0.4229957700422996
B,4,SER,N,B,42,GLU,OE1,0.0029999700002999972
B,6,ARG,N,B,139,GLU,OE1,0.000999990000099999
B,5,ASN,ND2,B,2,SER,O,0.5959940400595994
B,72,LEU,N,B,73,HIS,ND1,0.00899991000089999
B,3,GLN,NE2,B,40,GLY,O,0.07799922000779992
B,31,GLU,N,B,29,ASP,OD1,0.0049999500004999945
B,31,GLU,N,B,29,ASP,OD2,0.003999960000399996
B,44,GLU,N,B,41,THR,OG1,4.695953040469595
B,39,GLU,N,B,41,THR,OG1,0.030999690003099968
B,43,SER,N,B,7,GLU,OE2,0.022999770002299975
B,81,GLN,NE2,B,78,THR,O,0.0059999400005999945
B,83,PHE,N,B,84,GLU,OE1,0.001999980000199998
B,6,ARG,NH2,B,3,GLN,O,0.03599964000359996
B,47,LYS,NZ,B,35,THR,O,0.007999920000799993
B,6,ARG,N,B,139,GLU,OE2,0.00899991000089999
B,33,ASN,ND2,B,25,SER,O,0.0029999700002999972
B,4,SER,N,B,42,GLU,OE2,0.00899991000089999
B,135,ASN,ND2,B,131,ALA,O,8.868911310886892
B,125,ARG,NH2,B,125,ARG,O,0.0029999700002999972
B,37,ALA,N,B,44,GLU,OE2,1.3249867501324988
B,120,GLN,N,B,118,GLU,OE2,0.009999900000999989
B,2,SER,N,B,143,GLN,OE1,0.21999780002199976
B,135,ASN,ND2,B,2,SER,O,12.850871491285087
B,148,TRP,N,B,42,GLU,OE1,0.034999650003499964
B,4,SER,OG,B,2,SER,O,0.02999970000299997
B,143,GLN,NE2,B,1,MET,O,0.1839981600183998
B,4,SER,N,B,5,ASN,OD1,0.04199958000419996
B,135,ASN,ND2,B,4,SER,O,0.02099979000209998
B,6,ARG,N,B,5,ASN,OD1,0.018999810001899983
B,2,SER,OG,B,3,GLN,O,0.053999460005399944
B,33,ASN,ND2,B,24,TRP,O,0.0059999400005999945
B,4,SER,N,B,139,GLU,OE2,0.001999980000199998
B,119,MET,N,B,120,GLN,NE2,0.000999990000099999
B,51,ARG,NH2,B,11,ASP,O,0.021999780002199976
B,125,ARG,NH2,B,121,VAL,O,0.000999990000099999
B,28,SER,N,B,29,ASP,OD2,0.000999990000099999
B,6,ARG,NH2,B,128,ALA,O,0.014999850001499985
B,6,ARG,N,B,7,GLU,OE2,0.000999990000099999
B,145,ASN,ND2,B,141,TRP,O,0.001999980000199998
B,143,GLN,N,B,139,GLU,OE2,0.000999990000099999
B,44,GLU,N,B,44,GLU,OE2,0.6439935600643993
B,2,SER,OG,B,7,GLU,O,0.000999990000099999
B,133,TYR,OH,B,137,HIS,O,0.000999990000099999
B,6,ARG,NH1,B,31,GLU,O,0.22199778002219978
B,28,SER,OG,B,121,VAL,O,0.024999750002499977
B,135,ASN,ND2,B,135,ASN,O,0.2689973100268997
B,124,SER,OG,B,29,ASP,O,0.13299867001329987
B,69,THR,OG1,B,67,ASP,O,0.000999990000099999
B,60,ARG,NE,B,60,ARG,O,0.03399966000339997
B,60,ARG,NH2,B,60,ARG,O,0.003999960000399996
B,60,ARG,NH2,B,63,ARG,O,0.006999930000699994
B,55,ASP,N,B,15,TYR,OH,0.011999880001199989
B,135,ASN,ND2,B,5,ASN,O,6.518934810651894
B,51,ARG,NH1,B,11,ASP,O,0.001999980000199998
B,44,GLU,N,B,42,GLU,OE1,6.380936190638094
B,45,ALA,N,B,42,GLU,OE1,1.2049879501204988
B,3,GLN,N,B,41,THR,OG1,0.07999920000799991
B,45,ALA,N,B,42,GLU,OE2,1.160988390116099
B,44,GLU,N,B,42,GLU,OE2,3.928960710392896
B,34,ARG,NH1,B,3,GLN,O,0.018999810001899983
B,34,ARG,NH2,B,3,GLN,O,0.021999780002199976
B,3,GLN,NE2,B,38,PRO,O,0.0059999400005999945
B,43,SER,N,B,44,GLU,OE1,0.04899951000489995
B,70,SER,N,B,71,GLN,OE1,0.000999990000099999
B,51,ARG,NH1,B,156,GLY,O,0.000999990000099999
B,150,THR,OG1,B,150,THR,O,0.016999830001699984
B,85,GLN,N,B,84,GLU,OE1,0.000999990000099999
B,28,SER,OG,B,124,SER,O,0.04899951000489995
B,89,GLU,N,B,85,GLN,OE1,0.000999990000099999
B,6,ARG,NH2,B,31,GLU,O,0.08999910000899991
B,135,ASN,ND2,B,134,LEU,O,0.07299927000729993
B,143,GLN,NE2,B,3,GLN,O,0.000999990000099999
B,92,ARG,NH2,B,89,GLU,O,0.003999960000399996
B,124,SER,N,B,28,SER,OG,0.018999810001899983
B,34,ARG,NH1,B,39,GLU,O,0.0909990900090999
B,117,LYS,NZ,B,69,THR,O,0.000999990000099999
B,16,LYS,NZ,B,55,ASP,O,0.000999990000099999
B,105,SER,OG,B,57,PHE,O,0.000999990000099999
B,6,ARG,NH1,B,3,GLN,O,0.000999990000099999
B,29,ASP,N,B,31,GLU,OE1,0.010999890001099988
B,135,ASN,ND2,B,3,GLN,O,0.20099799002009977
B,41,THR,N,B,44,GLU,OE1,0.2109978900210998
B,43,SER,N,B,7,GLU,OE1,0.014999850001499985
B,31,GLU,N,B,32,GLU,OE1,0.01799982000179998
B,41,THR,OG1,B,1,MET,O,1.8959810401895982
B,72,LEU,N,B,113,GLU,OE2,0.000999990000099999
B,1,MET,N,B,41,THR,OG1,0.6469935300646994
B,1,MET,N,B,41,THR,OG1,0.5239947600523995
B,51,ARG,NH2,B,44,GLU,O,0.000999990000099999
B,34,ARG,NH2,B,39,GLU,O,0.03199968000319997
B,40,GLY,N,B,48,GLN,OE1,0.003999960000399996
B,51,ARG,NH2,B,38,PRO,O,0.001999980000199998
B,23,SER,OG,B,33,ASN,O,0.000999990000099999
B,42,GLU,N,B,1,MET,SD,0.10999890001099988
B,43,SER,N,B,1,MET,SD,0.0029999700002999972
B,6,ARG,NH2,B,127,ALA,O,0.000999990000099999
B,62,ARG,NH1,B,58,GLU,O,0.000999990000099999
B,5,ASN,ND2,B,131,ALA,O,0.05799942000579994
B,52,GLU,N,B,48,GLN,OE1,0.006999930000699994
B,143,GLN,N,B,139,GLU,OE1,0.000999990000099999
B,60,ARG,NH2,B,56,GLU,O,0.001999980000199998
B,2,SER,N,B,41,THR,OG1,0.7519924800751993
B,4,SER,N,B,36,GLU,OE2,0.015999840001599985
B,17,LEU,N,B,111,CYS,SG,0.000999990000099999
B,149,ASP,N,B,41,THR,OG1,0.03399966000339997
B,37,ALA,N,B,2,SER,OG,0.06799932000679994
B,6,ARG,NE,B,128,ALA,O,0.001999980000199998
B,41,THR,N,B,1,MET,SD,0.04899951000489995
B,33,ASN,ND2,B,3,GLN,O,0.1879981200187998
B,34,ARG,NH2,B,32,GLU,O,0.012999870001299986
B,6,ARG,NH2,B,31,GLU,O,0.24399756002439973
B,6,ARG,NH2,B,33,ASN,O,0.02099979000209998
B,6,ARG,NH2,B,33,ASN,O,0.032999670003299966
B,6,ARG,NE,B,33,ASN,O,0.019999800001999978
B,43,SER,OG,B,35,THR,O,0.02899971000289997
B,34,ARG,NH1,B,41,THR,O,0.000999990000099999
B,2,SER,N,B,35,THR,OG1,0.03599964000359996
B,35,THR,N,B,43,SER,OG,0.01799982000179998
B,43,SER,N,B,35,THR,OG1,0.11099889001109989
B,44,GLU,N,B,35,THR,OG1,0.000999990000099999
B,1,MET,N,B,35,THR,OG1,0.02099979000209998
B,6,ARG,NH2,B,28,SER,O,0.000999990000099999
B,99,ARG,NH1,B,89,GLU,O,0.0059999400005999945
B,1,MET,N,B,35,THR,OG1,0.019999800001999978
B,35,THR,OG1,B,2,SER,O,0.35999640003599964
B,37,ALA,N,B,42,GLU,OE2,0.15099849001509985
B,2,SER,OG,B,33,ASN,O,0.001999980000199998
B,43,SER,OG,B,33,ASN,O,0.009999900000999989
B,3,GLN,NE2,B,4,SER,O,8.369916300836993
B,39,GLU,N,B,1,MET,SD,0.09599904000959991
B,148,TRP,N,B,3,GLN,OE1,0.33799662003379966
B,143,GLN,NE2,B,1,MET,O,0.10399896001039989
B,3,GLN,N,B,139,GLU,OE2,0.03899961000389996
B,3,GLN,NE2,B,42,GLU,O,1.5749842501574982
B,3,GLN,NE2,B,43,SER,O,0.24599754002459975
B,3,GLN,NE2,B,41,THR,O,0.25799742002579973
B,148,TRP,N,B,3,GLN,NE2,0.047999520004799956
B,36,GLU,N,B,1,MET,SD,0.03699963000369996
B,34,ARG,NH2,B,41,THR,O,0.01799982000179998
B,3,GLN,NE2,B,41,THR,O,0.08199918000819992
B,3,GLN,N,B,139,GLU,OE1,0.04099959000409996
B,34,ARG,NH1,B,41,THR,O,0.049999500004999954
B,34,ARG,NH2,B,41,THR,O,0.039999600003999956
B,41,THR,OG1,B,42,GLU,O,0.04099959000409996
B,3,GLN,N,B,143,GLN,NE2,0.012999870001299986
B,3,GLN,N,B,143,GLN,OE1,0.001999980000199998
B,41,THR,OG1,B,2,SER,O,1.2179878201217988
B,42,GLU,N,B,149,ASP,OD2,0.026999730002699972
B,39,GLU,N,B,2,SER,OG,0.0049999500004999945
B,43,SER,OG,B,41,THR,O,0.41399586004139954
B,34,ARG,NH1,B,30,VAL,O,0.05599944000559995
B,34,ARG,NH2,B,30,VAL,O,0.03899961000389996
B,41,THR,N,B,2,SER,OG,0.33199668003319965
B,1,MET,N,B,33,ASN,OD1,0.003999960000399996
B,33,ASN,ND2,B,37,ALA,O,0.03699963000369996
B,47,LYS,NZ,B,31,GLU,O,0.000999990000099999
B,4,SER,OG,B,41,THR,O,0.7969920300796992
B,4,SER,OG,B,40,GLY,O,1.001989980100199
B,3,GLN,NE2,B,4,SER,O,0.02999970000299997
B,46,VAL,N,B,43,SER,OG,4.4039559604403955
B,85,GLN,NE2,B,78,THR,O,0.003999960000399996
B,34,ARG,N,B,36,GLU,OE2,0.0049999500004999945
B,92,ARG,NH2,B,84,GLU,O,0.000999990000099999
B,39,GLU,N,B,33,ASN,OD1,0.027999720002799974
B,40,GLY,N,B,33,ASN,OD1,0.003999960000399996
B,40,GLY,N,B,1,MET,SD,0.025999740002599973
B,39,GLU,N,B,36,GLU,OE1,0.0059999400005999945
B,121,VAL,N,B,80,TYR,OH,0.0049999500004999945
B,4,SER,N,B,39,GLU,OE2,0.0029999700002999972
B,39,GLU,N,B,36,GLU,OE2,0.003999960000399996
B,43,SER,OG,B,2,SER,O,0.08199918000819992
B,4,SER,N,B,39,GLU,OE1,0.0049999500004999945
B,3,GLN,NE2,B,43,SER,O,0.0029999700002999972
B,129,TRP,NE1,B,80,TYR,O,0.015999840001599985
B,1,MET,N,B,2,SER,OG,0.23699763002369978
B,2,SER,OG,B,40,GLY,O,0.032999670003299966
B,39,GLU,N,B,35,THR,OG1,0.012999870001299986
B,1,MET,N,B,135,ASN,OD1,0.003999960000399996
B,35,THR,N,B,39,GLU,OE1,0.010999890001099988
B,26,GLN,NE2,B,114,SER,O,0.003999960000399996
B,42,GLU,N,B,2,SER,OG,0.13599864001359988
B,47,LYS,N,B,43,SER,OG,0.003999960000399996
B,43,SER,N,B,39,GLU,OE2,0.04299957000429996
B,8,LEU,N,B,3,GLN,NE2,0.001999980000199998
B,43,SER,N,B,39,GLU,OE1,0.04099959000409996
B,44,GLU,N,B,39,GLU,OE2,0.0049999500004999945
B,34,ARG,NH1,B,31,GLU,O,0.0059999400005999945
B,41,THR,N,B,7,GLU,OE1,0.021999780002199976
B,4,SER,N,B,41,THR,OG1,0.018999810001899983
B,1,MET,N,B,2,SER,OG,0.1849981500184998
B,19,GLN,N,B,18,SER,OG,0.0049999500004999945
B,80,TYR,OH,B,125,ARG,O,3.5399646003539966
B,41,THR,N,B,149,ASP,OD2,1.010989890101099
B,2,SER,OG,B,41,THR,O,0.001999980000199998
B,3,GLN,N,B,1,MET,SD,0.10999890001099988
B,125,ARG,NE,B,122,LEU,O,0.016999830001699984
B,41,THR,N,B,149,ASP,OD1,1.024989750102499
B,35,THR,OG1,B,41,THR,O,0.1019989800101999
B,29,ASP,N,B,31,GLU,OE2,0.015999840001599985
B,149,ASP,N,B,3,GLN,OE1,0.000999990000099999
B,34,ARG,NH2,B,33,ASN,O,0.0029999700002999972
B,127,ALA,N,B,111,CYS,SG,0.001999980000199998
B,35,THR,OG1,B,39,GLU,O,0.0049999500004999945
B,92,ARG,NH2,B,92,ARG,O,0.0029999700002999972
B,25,SER,OG,B,23,SER,O,0.001999980000199998
B,92,ARG,NH1,B,85,GLN,O,0.0059999400005999945
B,35,THR,N,B,42,GLU,OE1,0.001999980000199998
B,35,THR,N,B,42,GLU,OE2,0.013999860001399987
B,34,ARG,NH2,B,36,GLU,O,0.0029999700002999972
B,80,TYR,OH,B,122,LEU,O,0.3019969800301997
B,33,ASN,ND2,B,4,SER,O,0.000999990000099999
B,35,THR,N,B,39,GLU,OE2,0.00899991000089999
B,6,ARG,NE,B,31,GLU,O,0.05899941000589994
B,126,ILE,N,B,80,TYR,OH,0.000999990000099999
B,35,THR,N,B,32,GLU,OE2,0.1819981800181998
B,6,ARG,NH2,B,30,VAL,O,0.013999860001399987
B,125,ARG,N,B,80,TYR,OH,0.022999770002299975
B,63,ARG,NE,B,62,ARG,O,0.0049999500004999945
B,129,TRP,N,B,80,TYR,OH,0.02099979000209998
B,2,SER,N,B,143,GLN,NE2,0.0949990500094999
B,6,ARG,NH2,B,132,THR,O,0.000999990000099999
B,24,TRP,NE1,B,9,VAL,O,0.0029999700002999972
B,41,THR,OG1,B,148,TRP,O,0.0029999700002999972
B,8,LEU,N,B,3,GLN,OE1,0.000999990000099999
B,115,VAL,N,B,116,ASP,OD2,0.009999900000999989
B,42,GLU,N,B,149,ASP,OD1,0.014999850001499985
B,117,LYS,N,B,116,ASP,OD1,0.06299937000629993
B,7,GLU,N,B,33,ASN,OD1,0.0049999500004999945
B,115,VAL,N,B,116,ASP,OD1,0.0059999400005999945
B,33,ASN,ND2,B,10,VAL,O,0.013999860001399987
B,143,GLN,NE2,B,139,GLU,O,6.583934160658393
B,148,TRP,N,B,41,THR,OG1,0.4819951800481995
B,143,GLN,NE2,B,140,PRO,O,0.4679953200467995
B,4,SER,N,B,4,SER,OG,0.021999780002199976
B,4,SER,OG,B,4,SER,O,0.03599964000359996
B,35,THR,N,B,4,SER,OG,0.15499845001549986
B,143,GLN,NE2,B,143,GLN,O,0.6519934800651993
B,34,ARG,NH1,B,31,GLU,O,0.2099979000209998
B,2,SER,OG,B,36,GLU,O,0.10399896001039989
B,69,THR,N,B,58,GLU,OE2,0.000999990000099999
B,62,ARG,NH1,B,55,ASP,O,0.006999930000699994
B,8,LEU,N,B,4,SER,OG,0.003999960000399996
B,125,ARG,NH1,B,77,GLY,O,0.025999740002599973
B,77,GLY,N,B,78,THR,OG1,0.001999980000199998
B,4,SER,OG,B,35,THR,O,0.3119968800311997
B,147,GLY,N,B,1,MET,SD,0.007999920000799993
B,7,GLU,N,B,31,GLU,OE2,0.0049999500004999945
B,5,ASN,N,B,35,THR,OG1,0.003999960000399996
B,6,ARG,NH1,B,30,VAL,O,0.051999480005199945
B,6,ARG,NE,B,29,ASP,O,0.0029999700002999972
B,2,SER,OG,B,37,ALA,O,0.001999980000199998
B,31,GLU,N,B,7,GLU,OE2,0.000999990000099999
B,40,GLY,N,B,2,SER,OG,0.001999980000199998
B,30,VAL,N,B,31,GLU,OE1,0.0029999700002999972
B,117,LYS,N,B,116,ASP,OD2,0.16299837001629983
B,99,ARG,NH1,B,93,ASP,O,0.0029999700002999972
B,34,ARG,N,B,7,GLU,OE2,0.001999980000199998
B,85,GLN,NE2,B,81,GLN,O,0.08699913000869991
B,33,ASN,ND2,B,6,ARG,O,0.04099959000409996
B,143,GLN,NE2,B,142,ILE,O,0.0059999400005999945
B,6,ARG,NH1,B,32,GLU,O,0.1839981600183998
B,84,GLU,N,B,85,GLN,OE1,0.000999990000099999
B,129,TRP,NE1,B,83,PHE,O,0.12799872001279988
B,129,TRP,NE1,B,84,GLU,O,0.006999930000699994
B,79,ALA,N,B,81,GLN,OE1,0.003999960000399996
B,82,SER,N,B,81,GLN,OE1,0.03199968000319997
B,133,TYR,OH,B,84,GLU,O,0.000999990000099999
B,6,ARG,NE,B,32,GLU,O,0.044999550004499955
B,6,ARG,NH2,B,34,ARG,O,0.006999930000699994
B,6,ARG,NH2,B,34,ARG,O,0.001999980000199998
B,2,SER,N,B,149,ASP,OD2,0.003999960000399996
B,2,SER,N,B,149,ASP,OD1,0.0059999400005999945
B,77,GLY,N,B,119,MET,SD,0.06899931000689993
B,16,LYS,NZ,B,105,SER,O,0.001999980000199998
B,85,GLN,N,B,84,GLU,OE2,0.000999990000099999
B,83,PHE,N,B,84,GLU,OE2,0.000999990000099999
B,92,ARG,NH2,B,89,GLU,O,0.000999990000099999
B,5,ASN,N,B,3,GLN,OE1,0.09299907000929991
B,4,SER,OG,B,34,ARG,O,0.0049999500004999945
B,6,ARG,NH1,B,6,ARG,O,0.001999980000199998
B,149,ASP,N,B,2,SER,OG,0.000999990000099999
B,120,GLN,NE2,B,28,SER,O,0.07599924000759993
B,3,GLN,NE2,B,7,GLU,O,0.000999990000099999
B,3,GLN,NE2,B,7,GLU,O,0.000999990000099999
B,120,GLN,NE2,B,28,SER,O,0.06599934000659993
B,6,ARG,NH1,B,34,ARG,O,0.001999980000199998
B,143,GLN,NE2,B,146,GLY,O,0.006999930000699994
B,37,ALA,N,B,1,MET,SD,0.024999750002499977
B,2,SER,N,B,36,GLU,OE1,0.1019989800101999
B,2,SER,N,B,36,GLU,OE2,0.07099929000709992
B,24,TRP,N,B,31,GLU,OE2,0.0059999400005999945
B,11,ASP,N,B,33,ASN,OD1,0.000999990000099999
B,33,ASN,ND2,B,7,GLU,O,0.0029999700002999972
B,114,SER,OG,B,120,GLN,O,0.000999990000099999
B,135,ASN,ND2,B,2,SER,O,0.987990120098799
B,24,TRP,N,B,33,ASN,OD1,0.014999850001499985
B,25,SER,N,B,33,ASN,OD1,0.030999690003099968
B,5,ASN,N,B,2,SER,OG,1.5079849201507984
B,33,ASN,ND2,B,28,SER,O,0.001999980000199998
B,35,THR,N,B,32,GLU,OE1,0.013999860001399987
B,30,VAL,N,B,33,ASN,OD1,0.000999990000099999
B,41,THR,N,B,7,GLU,OE2,0.02999970000299997
B,35,THR,OG1,B,38,PRO,O,0.001999980000199998
B,25,SER,OG,B,36,GLU,O,0.000999990000099999
B,45,ALA,N,B,44,GLU,OE2,0.0889991100088999
B,45,ALA,N,B,44,GLU,OE1,0.056999430005699944
B,43,SER,OG,B,3,GLN,O,0.16199838001619984
B,51,ARG,NH2,B,35,THR,O,0.39699603003969963
B,137,HIS,N,B,136,ASP,OD1,0.006999930000699994
B,148,TRP,N,B,42,GLU,OE2,0.08499915000849992
B,135,ASN,ND2,B,1,MET,O,0.00899991000089999
B,147,GLY,N,B,145,ASN,OD1,0.000999990000099999
B,85,GLN,NE2,B,88,ASN,O,0.000999990000099999
B,60,ARG,NH1,B,63,ARG,O,0.000999990000099999
B,153,GLU,N,B,153,GLU,OE1,0.001999980000199998
B,51,ARG,NH1,B,35,THR,O,0.37199628003719964
B,41,THR,OG1,B,3,GLN,O,0.006999930000699994
B,48,GLN,NE2,B,35,THR,O,0.0049999500004999945
B,136,ASP,N,B,137,HIS,ND1,0.000999990000099999
B,7,GLU,N,B,31,GLU,OE1,0.000999990000099999
B,149,ASP,N,B,42,GLU,OE2,0.00899991000089999
B,149,ASP,N,B,42,GLU,OE1,0.003999960000399996
B,92,ARG,NH1,B,88,ASN,O,0.000999990000099999
B,92,ARG,NH2,B,88,ASN,O,0.001999980000199998
B,37,ALA,N,B,48,GLN,NE2,0.14199858001419985
B,48,GLN,NE2,B,37,ALA,O,0.14299857001429986
B,51,ARG,NH2,B,34,ARG,O,0.013999860001399987
B,37,ALA,N,B,48,GLN,OE1,0.006999930000699994
B,48,GLN,NE2,B,39,GLU,O,0.07399926000739993
B,154,LEU,N,B,153,GLU,OE2,0.000999990000099999
B,48,GLN,NE2,B,38,PRO,O,0.0029999700002999972
B,48,GLN,NE2,B,37,ALA,O,0.001999980000199998
B,81,GLN,NE2,B,76,PRO,O,0.0029999700002999972
B,81,GLN,NE2,B,76,PRO,O,0.006999930000699994
B,48,GLN,NE2,B,35,THR,O,0.003999960000399996
B,92,ARG,NH2,B,85,GLN,O,0.001999980000199998
B,47,LYS,NZ,B,35,THR,O,0.001999980000199998
B,6,ARG,NH2,B,27,PHE,O,0.000999990000099999
B,33,ASN,ND2,B,14,SER,O,0.0049999500004999945
B,23,SER,OG,B,31,GLU,O,0.000999990000099999
B,33,ASN,ND2,B,14,SER,O,0.013999860001399987
B,26,GLN,NE2,B,115,VAL,O,2.4559754402455973
B,26,GLN,NE2,B,118,GLU,O,0.007999920000799993
B,120,GLN,NE2,B,25,SER,O,0.4209957900420996
B,34,ARG,N,B,14,SER,OG,0.0059999400005999945
B,120,GLN,NE2,B,25,SER,O,0.6259937400625993
B,33,ASN,ND2,B,22,TYR,O,0.003999960000399996
B,24,TRP,NE1,B,32,GLU,O,0.06499935000649994
B,47,LYS,NZ,B,34,ARG,O,0.001999980000199998
B,4,SER,OG,B,42,GLU,O,0.5049949500504994
B,124,SER,OG,B,26,GLN,O,0.000999990000099999
B,48,GLN,NE2,B,39,GLU,O,0.0029999700002999972
B,39,GLU,N,B,48,GLN,NE2,0.001999980000199998
B,40,GLY,N,B,48,GLN,NE2,0.000999990000099999
B,48,GLN,NE2,B,38,PRO,O,0.000999990000099999
B,41,THR,N,B,48,GLN,OE1,0.0029999700002999972
B,6,ARG,NH1,B,3,GLN,O,0.0029999700002999972
B,6,ARG,NE,B,3,GLN,O,0.26099739002609973
B,29,ASP,N,B,120,GLN,NE2,0.38499615003849963
B,4,SER,OG,B,43,SER,O,0.1839981600183998
B,29,ASP,N,B,120,GLN,OE1,0.6029939700602994
B,34,ARG,NH2,B,28,SER,O,0.0029999700002999972
B,1,MET,N,B,135,ASN,OD1,0.000999990000099999
B,34,ARG,NH2,B,24,TRP,O,0.000999990000099999
B,14,SER,OG,B,32,GLU,O,0.02099979000209998
B,6,ARG,NE,B,2,SER,O,0.8809911900880991
B,6,ARG,NH2,B,2,SER,O,0.23399766002339975
B,34,ARG,NH2,B,47,LYS,O,0.010999890001099988
B,6,ARG,NH2,B,2,SER,O,0.023999760002399978
B,6,ARG,NH2,B,135,ASN,O,0.03199968000319997
B,2,SER,N,B,4,SER,OG,0.0029999700002999972
B,135,ASN,ND2,B,6,ARG,O,0.037999620003799965
B,6,ARG,NH2,B,1,MET,O,0.11399886001139989
B,34,ARG,NH1,B,44,GLU,O,0.007999920000799993
B,6,ARG,NH1,B,1,MET,O,0.003999960000399996
B,6,ARG,NE,B,1,MET,O,0.006999930000699994
B,18,SER,N,B,18,SER,OG,0.001999980000199998
B,6,ARG,NH2,B,1,MET,O,0.037999620003799965
B,26,GLN,NE2,B,118,GLU,O,0.001999980000199998
B,120,GLN,N,B,26,GLN,OE1,0.0029999700002999972
B,7,GLU,N,B,3,GLN,NE2,0.0029999700002999972
B,26,GLN,NE2,B,116,ASP,O,0.014999850001499985
B,26,GLN,NE2,B,119,MET,O,0.001999980000199998
B,42,GLU,N,B,4,SER,OG,0.014999850001499985
B,34,ARG,NE,B,10,VAL,O,0.000999990000099999
B,6,ARG,NH1,B,2,SER,O,1.4659853401465985
B,6,ARG,NH1,B,5,ASN,O,0.4669953300466995
B,120,GLN,NE2,B,29,ASP,O,0.001999980000199998
B,6,ARG,NH1,B,2,SER,O,0.007999920000799993
B,34,ARG,NH1,B,7,GLU,O,0.05099949000509995
B,14,SER,N,B,14,SER,OG,0.0029999700002999972
B,43,SER,N,B,4,SER,OG,0.010999890001099988
B,43,SER,N,B,2,SER,OG,0.021999780002199976
B,26,GLN,NE2,B,116,ASP,O,0.001999980000199998
B,117,LYS,N,B,119,MET,SD,0.000999990000099999
B,2,SER,OG,B,146,GLY,O,0.003999960000399996
B,154,LEU,N,B,153,GLU,OE1,0.000999990000099999
B,34,ARG,NH2,B,11,ASP,O,0.000999990000099999
B,51,ARG,NH1,B,51,ARG,O,1.0359896401035988
B,30,VAL,N,B,120,GLN,OE1,0.000999990000099999
B,37,ALA,N,B,7,GLU,OE1,0.001999980000199998
B,51,ARG,NE,B,156,GLY,O,0.000999990000099999
B,28,SER,N,B,120,GLN,OE1,0.000999990000099999
B,99,ARG,NH1,B,95,VAL,O,0.000999990000099999
B,2,SER,OG,B,42,GLU,O,0.000999990000099999
B,6,ARG,NH1,B,135,ASN,O,0.000999990000099999
B,1,MET,N,B,4,SER,OG,2.3529764702352978
B,120,GLN,NE2,B,114,SER,O,0.001999980000199998
B,4,SER,OG,B,1,MET,O,0.15799842001579983
B,19,GLN,NE2,B,14,SER,O,0.000999990000099999
B,125,ARG,NH2,B,77,GLY,O,0.026999730002699972
B,16,LYS,NZ,B,16,LYS,O,0.000999990000099999
B,156,GLY,N,B,56,GLU,OE1,0.012999870001299986
B,156,GLY,N,B,56,GLU,OE2,0.00899991000089999
B,124,SER,N,B,120,GLN,NE2,0.001999980000199998
B,150,THR,OG1,B,148,TRP,O,0.000999990000099999
B,15,TYR,OH,B,44,GLU,O,0.000999990000099999
B,78,THR,OG1,B,76,PRO,O,0.1789982100178998
B,75,THR,OG1,B,76,PRO,O,0.037999620003799965
B,89,GLU,N,B,88,ASN,OD1,0.001999980000199998
B,88,ASN,ND2,B,85,GLN,O,0.000999990000099999
B,125,ARG,NE,B,120,GLN,O,0.000999990000099999
B,24,TRP,NE1,B,124,SER,O,0.24899751002489975
B,5,ASN,ND2,B,139,GLU,O,0.000999990000099999
B,43,SER,OG,B,7,GLU,O,0.000999990000099999
B,6,ARG,NE,B,5,ASN,O,0.001999980000199998
B,6,ARG,NH2,B,5,ASN,O,0.000999990000099999
B,34,ARG,NH2,B,34,ARG,O,0.000999990000099999
B,63,ARG,NH2,B,62,ARG,O,0.000999990000099999
B,15,TYR,OH,B,47,LYS,O,0.01799982000179998
B,46,VAL,N,B,42,GLU,OE1,0.009999900000999989
B,46,VAL,N,B,42,GLU,OE2,0.007999920000799993
B,34,ARG,NH2,B,3,GLN,O,0.0049999500004999945
B,3,GLN,NE2,B,33,ASN,O,1.6559834401655982
B,33,ASN,N,B,3,GLN,OE1,0.14699853001469984
B,33,ASN,N,B,3,GLN,NE2,0.2519974800251997
B,23,SER,OG,B,14,SER,O,0.001999980000199998
B,7,GLU,N,B,3,GLN,OE1,0.001999980000199998
B,3,GLN,NE2,B,31,GLU,O,0.20599794002059982
B,34,ARG,N,B,3,GLN,OE1,0.05899941000589994
B,6,ARG,NH1,B,31,GLU,O,0.03699963000369996
B,34,ARG,N,B,3,GLN,NE2,0.06399936000639994
B,114,SER,OG,B,113,GLU,O,0.000999990000099999
B,16,LYS,NZ,B,105,SER,O,0.000999990000099999
B,120,GLN,NE2,B,119,MET,O,0.01799982000179998
B,135,ASN,ND2,B,1,MET,O,0.039999600003999956
B,33,ASN,ND2,B,3,GLN,O,0.1049989500104999
B,3,GLN,NE2,B,32,GLU,O,0.05999940000599994
B,120,GLN,NE2,B,120,GLN,O,0.015999840001599985
B,34,ARG,NE,B,3,GLN,O,0.007999920000799993
B,34,ARG,NH2,B,31,GLU,O,0.07499925000749992
B,40,GLY,N,B,149,ASP,OD2,0.007999920000799993
B,40,GLY,N,B,149,ASP,OD1,0.001999980000199998
B,41,THR,OG1,B,149,ASP,O,0.001999980000199998
B,4,SER,OG,B,36,GLU,O,0.047999520004799956
B,4,SER,N,B,36,GLU,OE1,0.0049999500004999945
B,92,ARG,NH2,B,91,PHE,O,0.0029999700002999972
B,51,ARG,NE,B,15,TYR,O,0.000999990000099999
B,41,THR,N,B,4,SER,OG,0.07899921000789992
B,34,ARG,NE,B,31,GLU,O,0.17399826001739982
B,40,GLY,N,B,4,SER,OG,0.000999990000099999
B,34,ARG,N,B,31,GLU,OE2,0.001999980000199998
B,42,GLU,N,B,7,GLU,OE1,0.003999960000399996
B,37,ALA,N,B,39,GLU,OE2,0.000999990000099999
B,28,SER,N,B,28,SER,OG,0.0029999700002999972
B,47,LYS,NZ,B,41,THR,O,0.19399806001939982
B,45,ALA,N,B,43,SER,OG,5.653943460565395
B,14,SER,OG,B,22,TYR,O,0.000999990000099999
B,4,SER,OG,B,39,GLU,O,1.0339896601033989
B,47,LYS,NZ,B,41,THR,O,0.13799862001379987
B,3,GLN,NE2,B,37,ALA,O,0.019999800001999978
B,39,GLU,N,B,4,SER,OG,0.021999780002199976
B,41,THR,OG1,B,4,SER,O,0.02099979000209998
B,24,TRP,NE1,B,13,LEU,O,0.0049999500004999945
B,34,ARG,N,B,31,GLU,OE1,0.011999880001199989
B,20,LYS,NZ,B,113,GLU,O,0.000999990000099999
B,58,GLU,N,B,58,GLU,OE1,0.000999990000099999
B,118,GLU,N,B,120,GLN,NE2,0.000999990000099999
B,47,LYS,NZ,B,44,GLU,O,0.000999990000099999
B,41,THR,OG1,B,43,SER,O,0.000999990000099999
B,47,LYS,NZ,B,4,SER,O,0.001999980000199998
B,42,GLU,N,B,44,GLU,OE1,0.000999990000099999
B,47,LYS,NZ,B,4,SER,O,0.000999990000099999
B,48,GLN,NE2,B,44,GLU,O,0.0059999400005999945
B,47,LYS,NZ,B,4,SER,O,0.001999980000199998
B,69,THR,N,B,58,GLU,OE1,0.000999990000099999
B,48,GLN,NE2,B,42,GLU,O,0.001999980000199998
B,44,GLU,N,B,48,GLN,OE1,0.030999690003099968
B,44,GLU,N,B,48,GLN,NE2,0.05799942000579994
B,48,GLN,NE2,B,42,GLU,O,0.00899991000089999
B,34,ARG,NH2,B,31,GLU,O,0.000999990000099999
B,48,GLN,NE2,B,43,SER,O,0.04699953000469995
B,52,GLU,N,B,52,GLU,OE1,0.000999990000099999
B,48,GLN,NE2,B,43,SER,O,0.001999980000199998
B,47,LYS,NZ,B,42,GLU,O,0.019999800001999978
B,51,ARG,NH2,B,42,GLU,O,0.0049999500004999945
B,47,LYS,NZ,B,42,GLU,O,0.019999800001999978
B,43,SER,OG,B,44,GLU,O,0.0029999700002999972
B,47,LYS,NZ,B,42,GLU,O,0.006999930000699994
B,3,GLN,NE2,B,31,GLU,O,0.0049999500004999945
B,51,ARG,NH1,B,42,GLU,O,0.001999980000199998
B,34,ARG,NH1,B,3,GLN,O,0.001999980000199998
B,3,GLN,NE2,B,34,ARG,O,0.000999990000099999
B,3,GLN,NE2,B,32,GLU,O,0.039999600003999956
B,41,THR,OG1,B,33,ASN,O,0.3799962000379996
B,34,ARG,NE,B,41,THR,O,0.000999990000099999
B,4,SER,OG,B,37,ALA,O,0.006999930000699994
B,19,GLN,NE2,B,16,LYS,O,0.000999990000099999
B,35,THR,N,B,41,THR,OG1,0.000999990000099999
B,67,ASP,N,B,71,GLN,NE2,0.000999990000099999
B,47,LYS,NZ,B,44,GLU,O,0.000999990000099999
B,51,ARG,NH2,B,14,SER,O,0.000999990000099999
B,47,LYS,NZ,B,44,GLU,O,0.000999990000099999
B,34,ARG,NH2,B,43,SER,O,0.001999980000199998
B,153,GLU,N,B,153,GLU,OE2,0.000999990000099999
B,18,SER,OG,B,16,LYS,O,0.000999990000099999
B,143,GLN,N,B,1,MET,SD,0.000999990000099999
