A,611,ASN,ND2,B,71,GLN,NE2,0.13399866001339988
A,615,ARG,NH1,B,61,TYR,OH,5.3599464005359945
A,617,LYS,NZ,A,621,ASP,OD1,0.47099529004709956
A,617,LYS,NZ,A,621,ASP,OD2,0.5139948600513995
B,2,SER,OG,B,5,ASN,OD1,9.73890261097389
B,5,ASN,ND2,B,139,GLU,OE2,17.445825541744583
B,6,ARG,NE,B,4,SER,OG,0.46199538004619956
B,6,ARG,NH1,B,32,GLU,OE1,0.27599724002759973
B,6,ARG,NH1,B,32,GLU,OE2,0.22099779002209977
B,6,ARG,NH2,B,32,GLU,OE1,0.24499755002449974
B,6,ARG,NH2,B,32,GLU,OE2,0.21699783002169978
B,15,TYR,OH,B,55,ASP,OD1,52.22147778522215
B,15,TYR,OH,B,55,ASP,OD2,52.602473975260246
B,16,LYS,NZ,B,58,GLU,OE1,24.000759992400074
B,16,LYS,NZ,B,58,GLU,OE2,24.250757492425077
B,16,LYS,NZ,B,19,GLN,OE1,16.896831031689683
B,16,LYS,NZ,B,19,GLN,NE2,12.437875621243787
B,19,GLN,NE2,B,55,ASP,OD1,44.124558754412455
B,23,SER,OG,B,25,SER,OG,8.62291377086229
B,24,TRP,NE1,B,28,SER,OG,5.143948560514395
B,34,ARG,NE,B,7,GLU,OE2,1.2799872001279986
B,34,ARG,NH1,B,11,ASP,OD1,10.05089949100509
B,34,ARG,NH1,B,11,ASP,OD2,10.638893611063889
B,34,ARG,NH2,B,7,GLU,OE1,2.104978950210498
B,34,ARG,NH2,B,7,GLU,OE2,2.158978410215898
B,34,ARG,NH2,B,11,ASP,OD1,10.35189648103519
B,34,ARG,NH2,B,11,ASP,OD2,10.622893771062289
B,47,LYS,NZ,B,11,ASP,OD1,7.764922350776492
B,51,ARG,NH1,B,48,GLN,OE1,4.701952980470195
B,51,ARG,NH2,B,52,GLU,OE1,0.7279927200727992
B,60,ARG,NE,B,56,GLU,OE1,20.68179318206818
B,60,ARG,NH2,B,56,GLU,OE1,29.856701432985673
B,62,ARG,NH2,B,58,GLU,OE2,2.3309766902330975
B,78,THR,OG1,B,75,THR,OG1,16.949830501694983
B,92,ARG,NH1,B,89,GLU,OE1,2.1719782802171976
B,92,ARG,NH1,B,89,GLU,OE2,1.9849801501984983
B,92,ARG,NH2,B,89,GLU,OE1,1.9619803801961981
B,92,ARG,NH2,B,89,GLU,OE2,1.964980350196498
B,99,ARG,NH1,B,93,ASP,OD1,85.59014409855902
B,99,ARG,NH1,B,93,ASP,OD2,86.18013819861801
B,99,ARG,NH2,B,93,ASP,OD1,70.83429165708343
B,99,ARG,NH2,B,93,ASP,OD2,71.12128878711212
B,117,LYS,NZ,B,113,GLU,OE1,16.585834141658584
B,117,LYS,NZ,B,113,GLU,OE2,17.12582874171258
B,133,TYR,OH,B,88,ASN,OD1,67.09532904670952
B,135,ASN,ND2,B,139,GLU,OE2,10.291897081029191
B,148,TRP,NE1,B,5,ASN,OD1,59.65540344596554
B,14,SER,OG,B,11,ASP,OD2,0.5809941900580994
B,16,LYS,NZ,B,55,ASP,OD1,13.130868691313086
B,19,GLN,NE2,B,55,ASP,OD2,43.56056439435606
B,51,ARG,NH2,B,52,GLU,OE1,7.6079239207607925
B,62,ARG,NH2,B,58,GLU,OE2,14.808851911480886
B,69,THR,OG1,B,113,GLU,OE2,3.5169648303516965
B,135,ASN,ND2,B,139,GLU,OE1,10.92289077109229
A,615,ARG,NH1,B,71,GLN,OE1,68.47931520684793
B,51,ARG,NE,B,55,ASP,OD2,0.44199558004419953
B,60,ARG,NH2,B,56,GLU,OE2,31.549684503154968
B,80,TYR,OH,B,84,GLU,OE2,7.967920320796792
B,148,TRP,NE1,B,2,SER,OG,1.3119868801311987
B,16,LYS,NZ,B,55,ASP,OD1,12.369876301236987
B,51,ARG,NH1,B,48,GLN,NE2,0.6759932400675993
B,69,THR,OG1,B,113,GLU,OE1,3.3739662603373963
B,92,ARG,NH1,B,89,GLU,OE1,15.741842581574183
B,5,ASN,ND2,B,139,GLU,OE1,17.061829381706183
B,51,ARG,NH1,B,52,GLU,OE1,6.738932610673894
B,62,ARG,NH1,B,58,GLU,OE1,6.2539374606253935
B,62,ARG,NH1,B,58,GLU,OE2,5.762942370576294
B,62,ARG,NH2,B,58,GLU,OE1,16.492835071649285
B,70,SER,OG,B,67,ASP,OD2,6.4869351306486935
B,92,ARG,NE,B,89,GLU,OE1,61.43238567614324
B,92,ARG,NH2,B,89,GLU,OE1,53.53246467535324
A,614,ARG,NH1,A,610,GLU,OE1,0.10399896001039989
B,51,ARG,NE,B,15,TYR,OH,0.37799622003779965
B,92,ARG,NE,B,89,GLU,OE2,61.454385456145445
A,615,ARG,NE,A,611,ASN,OD1,0.9909900900990989
B,80,TYR,OH,B,84,GLU,OE1,8.832911670883291
B,92,ARG,NH2,B,89,GLU,OE2,55.59144408555915
B,120,GLN,NE2,B,118,GLU,OE1,0.7079929200707993
B,5,ASN,ND2,B,1,MET,SD,11.734882651173487
A,615,ARG,NH1,B,71,GLN,NE2,17.340826591734082
B,143,GLN,NE2,B,139,GLU,OE2,2.6309736902630974
B,16,LYS,NZ,B,19,GLN,OE1,16.65683343166568
B,22,TYR,OH,B,116,ASP,OD2,15.319846801531984
B,34,ARG,NE,B,7,GLU,OE1,1.3659863401365986
B,61,TYR,OH,B,71,GLN,OE1,79.98620013799862
B,16,LYS,NZ,B,58,GLU,OE1,22.932770672293277
B,16,LYS,NZ,B,58,GLU,OE2,23.097769022309777
B,16,LYS,NZ,B,55,ASP,OD1,12.836871631283685
B,48,GLN,NE2,B,44,GLU,OE1,1.6549834501654985
B,48,GLN,NE2,B,44,GLU,OE2,1.6159838401615982
B,16,LYS,NZ,B,58,GLU,OE1,24.076759232407678
B,16,LYS,NZ,B,58,GLU,OE2,24.303756962430377
B,19,GLN,NE2,B,15,TYR,OH,9.39490605093949
B,43,SER,OG,B,3,GLN,OE1,1.6039839601603985
B,71,GLN,NE2,A,611,ASN,OD1,0.8089919100808992
B,143,GLN,NE2,B,139,GLU,OE1,2.5789742102578974
B,4,SER,OG,B,7,GLU,OE2,2.3719762802371975
B,16,LYS,NZ,B,19,GLN,NE2,11.992880071199288
B,16,LYS,NZ,B,55,ASP,OD2,12.277877221227788
B,43,SER,OG,B,3,GLN,NE2,0.6589934100658994
A,617,LYS,NZ,A,621,ASP,OD1,0.14499855001449985
A,617,LYS,NZ,A,621,ASP,OD2,0.15799842001579983
B,3,GLN,NE2,B,39,GLU,OE1,0.7789922100778992
B,3,GLN,NE2,B,39,GLU,OE2,0.7899921000789992
B,47,LYS,NZ,B,11,ASP,OD2,6.154938450615494
B,51,ARG,NH2,B,55,ASP,OD2,0.3889961100388996
B,75,THR,OG1,B,78,THR,OG1,19.60780392196078
B,88,ASN,ND2,B,84,GLU,OE2,1.7589824101758984
B,124,SER,OG,B,28,SER,OG,3.5099649003509965
B,15,TYR,OH,B,19,GLN,NE2,1.6069839301606985
B,60,ARG,NE,B,56,GLU,OE2,22.372776272237278
B,70,SER,OG,B,67,ASP,OD1,6.616933830661694
B,73,HIS,NE2,B,75,THR,OG1,1.3679863201367988
B,78,THR,OG1,B,73,HIS,NE2,0.04699953000469995
B,88,ASN,ND2,B,84,GLU,OE1,1.8829811701882981
B,117,LYS,NZ,B,113,GLU,OE2,15.859841401585983
B,47,LYS,NZ,B,11,ASP,OD1,8.125918740812592
B,71,GLN,NE2,B,61,TYR,OH,0.7259927400725993
B,71,GLN,NE2,B,70,SER,OG,1.9639803601963979
B,28,SER,OG,B,124,SER,OG,10.43889561104389
B,97,TRP,NE1,B,150,THR,OG1,11.712882871171288
B,51,ARG,NH2,B,15,TYR,OH,0.22599774002259976
B,19,GLN,NE2,B,58,GLU,OE2,2.166978330216698
B,85,GLN,NE2,B,81,GLN,OE1,0.7819921800781992
B,4,SER,OG,B,7,GLU,OE1,3.429965700342997
A,611,ASN,ND2,B,71,GLN,OE1,0.13699863001369988
B,43,SER,OG,B,2,SER,OG,1.6839831601683983
B,85,GLN,NE2,B,84,GLU,OE1,0.8979910200897991
A,617,LYS,NZ,B,93,ASP,OD2,25.596744032559677
A,617,LYS,NZ,B,93,ASP,OD1,25.777742222577775
B,25,SER,OG,B,23,SER,OG,2.638973610263897
B,117,LYS,NZ,B,116,ASP,OD1,6.291937080629194
A,617,LYS,NZ,B,93,ASP,OD1,25.408745912540876
A,617,LYS,NZ,B,93,ASP,OD2,25.212747872521273
B,60,ARG,NH2,B,56,GLU,OE2,0.2949970500294997
B,137,HIS,NE2,B,88,ASN,OD1,0.04599954000459995
B,81,GLN,NE2,B,84,GLU,OE1,2.100978990210098
B,117,LYS,NZ,B,116,ASP,OD1,5.713942860571394
B,81,GLN,NE2,B,85,GLN,NE2,0.1019989800101999
B,117,LYS,NZ,B,113,GLU,OE1,14.935850641493584
B,124,SER,OG,B,29,ASP,OD1,3.7849621503784965
A,617,LYS,NZ,B,93,ASP,OD1,27.50972490275097
A,617,LYS,NZ,B,93,ASP,OD2,27.796722032779677
B,117,LYS,NZ,B,116,ASP,OD1,8.441915580844192
B,117,LYS,NZ,B,113,GLU,OE1,18.44581554184458
B,117,LYS,NZ,B,113,GLU,OE2,19.072809271907282
B,20,LYS,NZ,B,58,GLU,OE2,3.7469625303746965
B,47,LYS,NZ,B,7,GLU,OE1,13.338866611333886
A,615,ARG,NH1,B,71,GLN,NE2,0.38499615003849963
B,3,GLN,NE2,B,42,GLU,OE1,0.3889961100388996
B,16,LYS,NZ,B,19,GLN,OE1,17.235827641723585
B,3,GLN,NE2,B,42,GLU,OE2,0.3769962300376996
B,16,LYS,NZ,B,19,GLN,NE2,12.703872961270388
B,47,LYS,NZ,B,11,ASP,OD2,8.285917140828591
B,60,ARG,NH2,B,56,GLU,OE1,0.27199728002719975
B,51,ARG,NE,B,55,ASP,OD1,0.1929980700192998
B,150,THR,OG1,B,149,ASP,OD1,0.09699903000969991
B,133,TYR,OH,B,137,HIS,NE2,0.3459965400345997
B,150,THR,OG1,B,149,ASP,OD2,0.12499875001249988
B,22,TYR,OH,B,116,ASP,OD1,16.788832111678882
B,99,ARG,NH2,A,621,ASP,OD2,97.4070259297407
B,117,LYS,NZ,B,116,ASP,OD2,7.108928910710893
B,3,GLN,NE2,B,41,THR,OG1,0.4939950600493995
B,16,LYS,NZ,B,55,ASP,OD2,11.63688363116369
B,19,GLN,NE2,B,58,GLU,OE1,2.3129768702312976
B,133,TYR,OH,B,137,HIS,ND1,0.6459935400645994
B,23,SER,OG,B,26,GLN,OE1,1.1199888001119989
B,75,THR,OG1,B,73,HIS,ND1,0.21499785002149976
B,47,LYS,NZ,B,11,ASP,OD1,7.905920940790592
B,47,LYS,NZ,B,11,ASP,OD2,6.489935100648994
B,78,THR,OG1,B,73,HIS,ND1,0.2829971700282997
B,47,LYS,NZ,B,7,GLU,OE1,14.990850091499086
B,47,LYS,NZ,B,7,GLU,OE2,15.565844341556584
B,47,LYS,NZ,B,7,GLU,OE2,15.691843081569184
B,26,GLN,NE2,B,23,SER,OG,3.2689673103268966
B,16,LYS,NZ,B,55,ASP,OD2,11.43188568114319
A,615,ARG,NH2,A,611,ASN,OD1,1.063989360106399
B,96,ASN,ND2,A,624,ASP,OD2,8.625913740862591
B,97,TRP,NE1,B,145,ASN,OD1,10.965890341096589
B,143,GLN,NE2,B,1,MET,SD,0.8689913100868991
B,43,SER,OG,B,7,GLU,OE1,41.791582084179154
B,105,SER,OG,B,58,GLU,OE2,0.5349946500534994
A,614,ARG,NH2,A,610,GLU,OE1,5.163948360516395
B,51,ARG,NE,B,48,GLN,OE1,5.896941030589694
B,51,ARG,NH2,B,48,GLN,OE1,6.787932120678793
B,51,ARG,NH2,B,48,GLN,NE2,0.6979930200697992
B,117,LYS,NZ,B,116,ASP,OD2,7.235927640723593
A,614,ARG,NH2,A,610,GLU,OE2,5.207947920520795
B,66,SER,OG,B,67,ASP,OD2,0.29099709002909974
B,6,ARG,NH1,B,4,SER,OG,0.21499785002149976
B,85,GLN,NE2,B,81,GLN,OE1,0.892991070089299
A,614,ARG,NE,A,610,GLU,OE1,2.6479735202647974
B,96,ASN,ND2,A,624,ASP,OD1,7.827921720782792
A,614,ARG,NE,A,610,GLU,OE2,2.793972060279397
B,19,GLN,NE2,B,15,TYR,OH,2.686973130268697
B,6,ARG,NH1,B,135,ASN,OD1,11.63688363116369
B,66,SER,OG,B,67,ASP,OD1,0.2949970500294997
A,617,LYS,NZ,B,89,GLU,OE1,14.913850861491385
B,85,GLN,NE2,A,609,MET,SD,0.03399966000339997
B,143,GLN,NE2,B,139,GLU,OE1,1.2379876201237987
B,26,GLN,NE2,B,120,GLN,OE1,2.4719752802471975
B,82,SER,OG,B,78,THR,OG1,5.986940130598694
B,99,ARG,NH2,A,621,ASP,OD1,96.7050329496705
B,117,LYS,NZ,B,69,THR,OG1,0.000999990000099999
B,120,GLN,NE2,B,26,GLN,NE2,1.058989410105899
B,51,ARG,NH1,B,36,GLU,OE1,0.007999920000799993
A,614,ARG,NH2,B,89,GLU,OE1,8.070919290807092
A,617,LYS,NZ,B,89,GLU,OE1,15.116848831511684
B,51,ARG,NH1,B,11,ASP,OD2,0.3759962400375996
B,34,ARG,NH1,B,14,SER,OG,0.039999600003999956
B,61,TYR,OH,B,71,GLN,NE2,36.589634103658966
B,23,SER,OG,B,33,ASN,OD1,0.00899991000089999
B,81,GLN,NE2,B,85,GLN,OE1,5.993940060599394
B,124,SER,OG,B,29,ASP,OD2,3.7969620303796963
B,3,GLN,NE2,B,42,GLU,OE1,0.4769952300476995
B,3,GLN,NE2,B,42,GLU,OE2,0.48899511004889945
B,6,ARG,NH2,B,4,SER,OG,0.0949990500094999
B,88,ASN,ND2,B,84,GLU,OE1,0.2769972300276997
B,41,THR,OG1,B,42,GLU,OE1,0.3949960500394996
B,41,THR,OG1,B,42,GLU,OE2,0.3679963200367996
B,51,ARG,NH1,B,11,ASP,OD2,4.106958930410696
A,615,ARG,NH1,B,67,ASP,OD2,0.14399856001439984
A,615,ARG,NH2,B,67,ASP,OD2,0.04099959000409996
B,85,GLN,NE2,A,609,MET,SD,0.21699783002169978
A,615,ARG,NH1,B,67,ASP,OD1,0.12599874001259986
B,143,GLN,NE2,B,1,MET,SD,0.4789952100478995
B,62,ARG,NE,B,66,SER,OG,0.07499925000749992
A,614,ARG,NH1,A,611,ASN,OD1,4.904950950490495
A,617,LYS,NZ,B,89,GLU,OE1,14.069859301406987
A,617,LYS,NZ,B,89,GLU,OE2,13.155868441315588
B,141,TRP,NE1,B,144,GLU,OE1,0.011999880001199989
B,48,GLN,NE2,B,52,GLU,OE2,1.6259837401625985
A,614,ARG,NH1,A,610,GLU,OE2,4.748952510474895
A,614,ARG,NH2,A,610,GLU,OE2,5.944940550594494
B,5,ASN,ND2,B,135,ASN,OD1,44.62955370446296
B,117,LYS,NZ,B,116,ASP,OD2,8.349916500834992
A,614,ARG,NH2,A,610,GLU,OE1,5.724942750572494
A,608,THR,OG1,A,609,MET,SD,0.08399916000839992
A,615,ARG,NH2,B,67,ASP,OD1,0.02899971000289997
B,145,ASN,ND2,B,144,GLU,OE1,1.3639863601363986
B,48,GLN,NE2,B,52,GLU,OE1,1.4759852401475986
B,92,ARG,NH1,B,88,ASN,OD1,0.1989980100198998
B,47,LYS,NZ,B,44,GLU,OE1,20.57579424205758
B,47,LYS,NZ,B,7,GLU,OE1,16.41683583164168
B,62,ARG,NH2,B,58,GLU,OE1,2.2929770702292975
B,81,GLN,NE2,B,85,GLN,NE2,2.6029739702602974
A,614,ARG,NH1,A,610,GLU,OE1,4.629953700462995
B,47,LYS,NZ,B,7,GLU,OE2,19.60980390196098
B,47,LYS,NZ,B,36,GLU,OE2,0.022999770002299975
B,20,LYS,NZ,B,116,ASP,OD1,10.264897351026491
B,20,LYS,NZ,B,116,ASP,OD2,10.561894381056188
B,51,ARG,NE,B,48,GLN,NE2,0.6159938400615994
B,6,ARG,NH2,B,132,THR,OG1,1.7799822001779981
B,48,GLN,NE2,B,52,GLU,OE1,0.15099849001509985
B,20,LYS,NZ,B,116,ASP,OD1,10.197898021019789
B,120,GLN,NE2,B,118,GLU,OE2,0.7879921200787992
B,145,ASN,ND2,B,144,GLU,OE2,1.3629863701362985
B,20,LYS,NZ,B,116,ASP,OD2,10.433895661043389
B,6,ARG,NH1,B,132,THR,OG1,2.0339796602033977
B,47,LYS,NZ,B,36,GLU,OE1,0.014999850001499985
B,47,LYS,NZ,B,36,GLU,OE2,0.022999770002299975
B,48,GLN,NE2,B,52,GLU,OE2,0.10999890001099988
B,60,ARG,NH1,B,56,GLU,OE2,0.3139968600313997
A,614,ARG,NH1,A,611,ASN,OD1,3.6009639903600963
B,60,ARG,NH1,B,56,GLU,OE1,0.31599684003159967
B,26,GLN,NE2,B,120,GLN,NE2,0.7709922900770992
B,20,LYS,NZ,B,22,TYR,OH,0.04899951000489995
B,96,ASN,ND2,A,621,ASP,OD2,39.16560834391656
B,20,LYS,NZ,B,116,ASP,OD1,10.46989530104699
B,20,LYS,NZ,B,116,ASP,OD2,10.44189558104419
B,62,ARG,NE,B,58,GLU,OE2,0.8089919100808992
B,85,GLN,NE2,B,81,GLN,NE2,0.4929950700492995
B,137,HIS,NE2,B,136,ASP,OD1,0.15599844001559984
B,26,GLN,NE2,B,120,GLN,NE2,0.4209957900420996
B,51,ARG,NH1,B,48,GLN,OE1,0.23399766002339975
B,26,GLN,NE2,B,120,GLN,OE1,0.7599924000759992
B,155,TYR,OH,A,626,MET,SD,0.2589974100258997
B,51,ARG,NH2,B,48,GLN,NE2,0.04899951000489995
B,120,GLN,NE2,B,26,GLN,OE1,0.8409915900840991
B,120,GLN,NE2,B,22,TYR,OH,0.45399546004539953
B,51,ARG,NH2,B,52,GLU,OE2,0.7209927900720993
B,143,GLN,NE2,B,139,GLU,OE2,1.2469875301246987
B,22,TYR,OH,B,118,GLU,OE1,0.23299767002329974
B,81,GLN,NE2,B,78,THR,OG1,0.015999840001599985
B,34,ARG,NH1,B,14,SER,OG,0.04099959000409996
B,70,SER,OG,B,71,GLN,OE1,0.014999850001499985
B,92,ARG,NH2,A,610,GLU,OE1,0.02899971000289997
B,24,TRP,NE1,B,124,SER,OG,4.612953870461296
B,92,ARG,NH2,A,610,GLU,OE2,0.02899971000289997
B,92,ARG,NH1,A,610,GLU,OE2,0.08399916000839992
A,614,ARG,NH2,B,89,GLU,OE2,7.927920720792791
B,26,GLN,NE2,B,31,GLU,OE1,0.001999980000199998
B,26,GLN,NE2,B,31,GLU,OE2,0.0029999700002999972
B,51,ARG,NE,B,52,GLU,OE2,0.4919950800491995
A,615,ARG,NH2,B,71,GLN,NE2,0.08499915000849992
B,51,ARG,NE,B,52,GLU,OE1,0.5489945100548995
B,51,ARG,NH1,B,48,GLN,NE2,0.0949990500094999
B,51,ARG,NH2,B,52,GLU,OE2,6.861931380686192
B,23,SER,OG,B,31,GLU,OE1,0.06499935000649994
B,23,SER,OG,B,31,GLU,OE2,0.05999940000599994
B,71,GLN,NE2,B,67,ASP,OD1,0.12599874001259986
B,43,SER,OG,B,7,GLU,OE2,38.556614433855664
A,614,ARG,NH2,A,611,ASN,OD1,2.845971540284597
B,28,SER,OG,B,32,GLU,OE1,0.953990460095399
B,28,SER,OG,B,32,GLU,OE2,0.40399596004039956
B,47,LYS,NZ,B,43,SER,OG,1.4959850401495984
B,120,GLN,NE2,B,22,TYR,OH,3.8479615203847963
A,615,ARG,NH1,B,71,GLN,OE1,0.6909930900690993
A,615,ARG,NH2,B,71,GLN,OE1,0.2899971000289997
B,33,ASN,ND2,B,31,GLU,OE1,2.2019779802201978
B,71,GLN,NE2,B,67,ASP,OD2,0.17699823001769982
B,48,GLN,NE2,B,44,GLU,OE2,0.30699693003069967
B,25,SER,OG,B,32,GLU,OE1,2.7759722402775973
B,25,SER,OG,B,32,GLU,OE2,2.6249737502624977
B,35,THR,OG1,B,39,GLU,OE1,0.5449945500544995
B,155,TYR,OH,B,56,GLU,OE1,6.5359346406535925
B,155,TYR,OH,B,56,GLU,OE2,6.808931910680894
B,5,ASN,ND2,B,143,GLN,OE1,0.5079949200507995
B,48,GLN,NE2,B,44,GLU,OE1,0.27399726002739977
B,34,ARG,NH1,B,32,GLU,OE1,6.543934560654393
B,51,ARG,NH2,B,55,ASP,OD1,0.10399896001039989
B,5,ASN,ND2,B,2,SER,OG,0.25799742002579973
B,34,ARG,NH1,B,32,GLU,OE2,6.680933190668094
B,51,ARG,NH2,B,48,GLN,OE1,0.1759982400175998
B,33,ASN,ND2,B,28,SER,OG,0.21499785002149976
B,99,ARG,NE,A,624,ASP,OD1,0.001999980000199998
A,615,ARG,NH2,A,611,ASN,OD1,0.06899931000689993
B,148,TRP,NE1,B,1,MET,SD,0.8209917900820991
B,97,TRP,NE1,A,626,MET,SD,0.000999990000099999
B,150,THR,OG1,A,626,MET,SD,0.001999980000199998
B,3,GLN,NE2,B,39,GLU,OE1,0.24899751002489975
B,28,SER,OG,B,33,ASN,OD1,0.6659933400665994
B,33,ASN,ND2,B,28,SER,OG,0.22199778002219978
A,608,THR,OG1,B,85,GLN,OE1,0.03199968000319997
B,3,GLN,NE2,B,39,GLU,OE2,0.2109978900210998
B,99,ARG,NH2,B,96,ASN,OD1,0.0049999500004999945
B,99,ARG,NE,B,96,ASN,OD1,0.0989990100098999
B,47,LYS,NZ,B,44,GLU,OE2,15.338846611533885
B,22,TYR,OH,B,120,GLN,OE1,1.2289877101228988
B,60,ARG,NH2,B,155,TYR,OH,0.17199828001719983
B,5,ASN,ND2,B,139,GLU,OE2,33.91266087339127
B,125,ARG,NE,B,124,SER,OG,0.26199738002619977
B,75,THR,OG1,B,73,HIS,NE2,0.1809981900180998
B,22,TYR,OH,B,118,GLU,OE2,0.22999770002299977
B,120,GLN,NE2,B,29,ASP,OD1,2.152978470215298
B,51,ARG,NH1,B,15,TYR,OH,0.0059999400005999945
B,24,TRP,NE1,B,33,ASN,OD1,0.5689943100568995
B,105,SER,OG,B,58,GLU,OE1,0.5219947800521995
B,51,ARG,NH2,B,15,TYR,OH,0.0049999500004999945
A,614,ARG,NH2,B,89,GLU,OE1,0.3939960600393996
B,82,SER,OG,A,609,MET,SD,0.24099759002409976
B,81,GLN,NE2,B,82,SER,OG,0.06699933000669994
B,60,ARG,NH1,B,155,TYR,OH,0.06499935000649994
B,60,ARG,NH1,B,56,GLU,OE2,1.180988190118099
B,33,ASN,ND2,B,31,GLU,OE2,2.1469785302146978
B,2,SER,OG,B,7,GLU,OE2,14.293857061429385
B,24,TRP,NE1,B,32,GLU,OE1,1.958980410195898
B,24,TRP,NE1,B,32,GLU,OE2,1.2949870501294987
B,5,ASN,ND2,B,139,GLU,OE1,32.89767102328977
B,15,TYR,OH,B,19,GLN,OE1,0.07699923000769993
B,22,TYR,OH,B,120,GLN,NE2,0.2749972500274997
B,26,GLN,NE2,B,22,TYR,OH,0.056999430005699944
B,35,THR,OG1,B,39,GLU,OE2,0.5639943600563994
B,3,GLN,NE2,B,7,GLU,OE2,0.8419915800841992
B,99,ARG,NE,A,621,ASP,OD1,90.42809571904282
B,99,ARG,NE,A,621,ASP,OD2,88.4661153388466
B,120,GLN,NE2,B,29,ASP,OD2,2.266977330226698
B,96,ASN,ND2,B,93,ASP,OD2,0.001999980000199998
B,3,GLN,NE2,B,7,GLU,OE1,0.993990060099399
B,34,ARG,NH2,B,7,GLU,OE1,11.837881621183788
B,88,ASN,ND2,B,133,TYR,OH,0.2989970100298997
B,28,SER,OG,B,31,GLU,OE1,0.2999970000299997
A,617,LYS,NZ,B,89,GLU,OE2,13.955860441395588
B,62,ARG,NE,B,58,GLU,OE1,0.8519914800851992
B,129,TRP,NE1,B,80,TYR,OH,0.1869981300186998
B,34,ARG,NH2,B,14,SER,OG,0.06799932000679994
B,2,SER,OG,B,7,GLU,OE1,14.609853901460983
A,614,ARG,NE,A,611,ASN,OD1,2.3669763302366977
B,96,ASN,ND2,B,93,ASP,OD1,0.000999990000099999
B,60,ARG,NH1,B,56,GLU,OE1,0.966990330096699
B,85,GLN,NE2,B,81,GLN,NE2,0.3209967900320997
B,34,ARG,NE,B,32,GLU,OE2,23.696763032369677
B,34,ARG,NH2,B,14,SER,OG,0.9179908200917991
B,34,ARG,NE,B,32,GLU,OE1,23.937760622393775
B,34,ARG,NH2,B,32,GLU,OE2,24.207757922420775
B,33,ASN,ND2,B,124,SER,OG,0.0029999700002999972
B,88,ASN,ND2,B,84,GLU,OE2,0.2029979700202998
B,5,ASN,ND2,B,143,GLN,NE2,0.05999940000599994
B,96,ASN,ND2,A,621,ASP,OD1,0.13499865001349987
B,96,ASN,ND2,A,621,ASP,OD2,0.22599774002259976
B,33,ASN,ND2,B,31,GLU,OE2,5.775942240577595
A,611,ASN,ND2,A,610,GLU,OE1,0.3959960400395996
A,611,ASN,ND2,A,610,GLU,OE2,0.3489965100348996
A,627,SER,OG,B,56,GLU,OE1,1.8549814501854982
A,627,SER,OG,B,56,GLU,OE2,1.8999810001899982
B,34,ARG,NH2,B,32,GLU,OE1,24.733752662473375
B,34,ARG,NH2,B,23,SER,OG,0.14999850001499984
B,62,ARG,NH2,B,66,SER,OG,0.02899971000289997
B,33,ASN,ND2,B,31,GLU,OE1,5.8059419405805945
B,141,TRP,NE1,B,144,GLU,OE2,0.016999830001699984
B,81,GLN,NE2,A,609,MET,SD,0.22199778002219978
B,14,SER,OG,B,11,ASP,OD1,0.9679903200967991
B,34,ARG,NH1,B,32,GLU,OE1,0.6069939300606995
B,34,ARG,NH2,B,32,GLU,OE1,0.6289937100628994
B,85,GLN,NE2,B,84,GLU,OE2,0.8469915300846991
B,85,GLN,NE2,B,84,GLU,OE1,0.14699853001469984
A,614,ARG,NH2,A,611,ASN,OD1,4.0669593304066955
B,20,LYS,NZ,B,58,GLU,OE1,4.313956860431396
B,28,SER,OG,B,31,GLU,OE2,0.3079969200307997
B,25,SER,OG,B,33,ASN,OD1,0.24099759002409976
B,137,HIS,NE2,B,136,ASP,OD2,0.14899851001489986
B,33,ASN,ND2,B,25,SER,OG,0.1949980500194998
B,120,GLN,NE2,B,118,GLU,OE1,0.44499555004449953
B,35,THR,OG1,B,36,GLU,OE2,0.40199598004019954
B,96,ASN,ND2,A,621,ASP,OD1,50.83449165508345
B,155,TYR,OH,A,624,ASP,OD1,1.7719822801771983
A,614,ARG,NH1,B,89,GLU,OE1,0.07999920000799991
A,617,LYS,NZ,B,89,GLU,OE2,12.633873661263387
B,62,ARG,NH1,B,58,GLU,OE1,0.32199678003219967
B,47,LYS,NZ,B,44,GLU,OE1,14.708852911470885
B,150,THR,OG1,B,145,ASN,OD1,1.3579864201357987
B,47,LYS,NZ,B,44,GLU,OE2,20.31379686203138
B,25,SER,OG,B,31,GLU,OE1,1.060989390106099
B,92,ARG,NH2,B,93,ASP,OD1,0.952990470095299
B,85,GLN,NE2,A,610,GLU,OE1,2.4289757102428977
B,51,ARG,NH1,B,11,ASP,OD1,4.597954020459795
B,51,ARG,NH1,B,11,ASP,OD1,0.23399766002339975
B,33,ASN,ND2,B,32,GLU,OE2,0.19199808001919982
B,33,ASN,ND2,B,23,SER,OG,0.025999740002599973
B,51,ARG,NH1,B,44,GLU,OE2,1.5209847901520985
B,62,ARG,NH1,B,58,GLU,OE2,0.4259957400425996
B,3,GLN,NE2,B,43,SER,OG,2.134978650213498
B,92,ARG,NH2,B,93,ASP,OD2,0.9679903200967991
B,85,GLN,NE2,A,610,GLU,OE2,0.7129928700712993
B,3,GLN,NE2,B,1,MET,SD,0.0029999700002999972
B,92,ARG,NH1,B,89,GLU,OE2,16.596834031659682
B,71,GLN,NE2,B,70,SER,OG,1.6079839201607982
B,71,GLN,NE2,B,67,ASP,OD1,0.0049999500004999945
B,92,ARG,NH1,A,610,GLU,OE1,0.0979990200097999
B,132,THR,OG1,B,136,ASP,OD2,0.1089989100108999
B,35,THR,OG1,B,36,GLU,OE1,0.3759962400375996
B,132,THR,OG1,B,136,ASP,OD1,0.11399886001139989
B,47,LYS,NZ,B,43,SER,OG,1.3569864301356986
B,60,ARG,NH1,A,627,SER,OG,0.23199768002319976
B,60,ARG,NH2,A,626,MET,SD,0.4179958200417996
B,47,LYS,NZ,B,43,SER,OG,1.6179838201617984
B,60,ARG,NH2,A,626,MET,SD,0.4259957400425996
B,111,CYS,SG,B,114,SER,OG,0.000999990000099999
B,24,TRP,NE1,B,31,GLU,OE2,0.35099649003509964
B,34,ARG,NH2,B,32,GLU,OE2,0.47399526004739956
B,34,ARG,NE,B,36,GLU,OE2,8.230917690823091
B,34,ARG,NH2,B,36,GLU,OE1,9.63790362096379
B,34,ARG,NH2,B,36,GLU,OE2,9.382906170938291
B,34,ARG,NE,B,36,GLU,OE1,8.12191878081219
B,34,ARG,NH1,B,36,GLU,OE1,2.788972110278897
B,34,ARG,NH2,B,36,GLU,OE1,2.4869751302486973
B,117,LYS,NZ,B,119,MET,SD,0.003999960000399996
B,34,ARG,NH1,B,36,GLU,OE2,2.793972060279397
B,34,ARG,NH2,B,36,GLU,OE2,2.3899761002389974
B,70,SER,OG,B,71,GLN,NE2,0.016999830001699984
B,117,LYS,NZ,B,119,MET,SD,0.000999990000099999
B,120,GLN,NE2,B,26,GLN,OE1,0.6659933400665994
B,33,ASN,ND2,B,32,GLU,OE1,0.1869981300186998
B,19,GLN,NE2,B,55,ASP,OD2,0.07199928000719992
B,35,THR,OG1,B,44,GLU,OE2,0.9249907500924991
B,35,THR,OG1,B,44,GLU,OE1,1.1449885501144987
B,47,LYS,NZ,B,35,THR,OG1,0.026999730002699972
B,47,LYS,NZ,B,44,GLU,OE1,16.586834131658684
B,47,LYS,NZ,B,44,GLU,OE2,15.683843161568383
B,62,ARG,NH1,B,66,SER,OG,0.05599944000559995
A,614,ARG,NH2,B,93,ASP,OD2,0.0059999400005999945
B,60,ARG,NH1,A,626,MET,SD,0.47399526004739956
B,3,GLN,NE2,B,143,GLN,NE2,0.039999600003999956
B,6,ARG,NH1,B,139,GLU,OE2,7.299927000729993
B,120,GLN,NE2,B,26,GLN,NE2,0.2089979100208998
B,3,GLN,NE2,B,143,GLN,OE1,0.03599964000359996
B,35,THR,OG1,B,32,GLU,OE1,0.15499845001549986
B,35,THR,OG1,B,32,GLU,OE2,0.16799832001679985
B,2,SER,OG,B,43,SER,OG,1.058989410105899
B,143,GLN,NE2,B,3,GLN,NE2,0.01799982000179998
B,6,ARG,NH1,B,139,GLU,OE1,7.340926590734092
B,47,LYS,NZ,B,32,GLU,OE1,2.3569764302356977
B,6,ARG,NE,B,135,ASN,OD1,4.087959120408796
B,135,ASN,ND2,B,4,SER,OG,7.043929560704393
B,47,LYS,NZ,B,35,THR,OG1,0.04099959000409996
B,2,SER,OG,B,139,GLU,OE1,12.057879421205788
B,33,ASN,ND2,B,25,SER,OG,0.3609963900360997
B,6,ARG,NH2,B,31,GLU,OE1,14.869851301486985
B,6,ARG,NH2,B,31,GLU,OE2,16.125838741612583
B,6,ARG,NE,B,31,GLU,OE2,17.98982010179898
B,6,ARG,NE,B,31,GLU,OE1,17.236827631723685
B,23,SER,OG,B,26,GLN,NE2,0.34999650003499966
A,615,ARG,NH1,B,70,SER,OG,0.026999730002699972
B,125,ARG,NH2,B,80,TYR,OH,1.5719842801571984
B,51,ARG,NH2,B,44,GLU,OE2,2.1609783902160977
B,82,SER,OG,B,85,GLN,OE1,0.12699873001269987
B,60,ARG,NH2,A,627,SER,OG,0.12399876001239987
A,608,THR,OG1,B,71,GLN,NE2,0.010999890001099988
B,6,ARG,NH2,B,28,SER,OG,0.4209957900420996
B,34,ARG,NH1,B,36,GLU,OE2,0.4959950400495995
B,71,GLN,NE2,A,609,MET,SD,0.010999890001099988
B,6,ARG,NH2,B,28,SER,OG,0.4259957400425996
B,34,ARG,NH1,B,36,GLU,OE1,0.40699593004069956
B,71,GLN,NE2,A,608,THR,OG1,0.0059999400005999945
B,6,ARG,NH2,B,124,SER,OG,0.4609953900460996
B,71,GLN,NE2,A,608,THR,OG1,0.015999840001599985
B,60,ARG,NH1,A,627,SER,OG,0.003999960000399996
B,148,TRP,NE1,B,139,GLU,OE1,0.37899621003789963
B,47,LYS,NZ,B,35,THR,OG1,0.15499845001549986
B,6,ARG,NH2,B,124,SER,OG,3.644963550364496
B,81,GLN,NE2,B,85,GLN,OE1,0.3099969000309997
B,47,LYS,NZ,B,32,GLU,OE2,3.153968460315397
B,6,ARG,NH1,B,31,GLU,OE1,6.699933000669993
B,6,ARG,NH1,B,31,GLU,OE2,6.810931890681093
B,6,ARG,NH2,B,31,GLU,OE1,6.886931130688693
B,6,ARG,NH2,B,31,GLU,OE2,6.807931920680793
B,19,GLN,NE2,B,58,GLU,OE1,0.001999980000199998
B,19,GLN,NE2,B,58,GLU,OE2,0.001999980000199998
B,19,GLN,NE2,B,55,ASP,OD1,0.05799942000579994
A,615,ARG,NH2,B,71,GLN,OE1,1.2489875101248988
B,81,GLN,NE2,B,84,GLU,OE2,2.227977720222798
A,608,THR,OG1,B,71,GLN,OE1,0.007999920000799993
A,614,ARG,NH1,A,610,GLU,OE2,0.10999890001099988
B,20,LYS,NZ,B,58,GLU,OE2,4.3149568504314955
A,611,ASN,ND2,A,610,GLU,OE1,0.2649973500264997
B,78,THR,OG1,B,81,GLN,OE1,0.04299957000429996
B,20,LYS,NZ,B,19,GLN,OE1,0.28699713002869975
A,614,ARG,NH1,B,89,GLU,OE2,0.7079929200707993
A,614,ARG,NE,B,89,GLU,OE1,7.901920980790192
A,614,ARG,NE,B,89,GLU,OE2,7.975920240797592
A,611,ASN,ND2,A,610,GLU,OE2,0.22799772002279978
B,15,TYR,OH,B,52,GLU,OE2,0.013999860001399987
A,614,ARG,NH2,B,89,GLU,OE2,0.44399556004439955
B,111,CYS,SG,B,130,MET,SD,0.056999430005699944
B,33,ASN,ND2,B,36,GLU,OE1,0.3119968800311997
B,6,ARG,NH2,B,135,ASN,OD1,2.797972020279797
B,85,GLN,NE2,A,608,THR,OG1,0.8279917200827991
B,35,THR,OG1,B,7,GLU,OE1,5.467945320546795
B,51,ARG,NH1,B,14,SER,OG,0.00899991000089999
B,20,LYS,NZ,B,58,GLU,OE2,3.421965780342197
B,25,SER,OG,B,31,GLU,OE2,0.8879911200887991
B,81,GLN,NE2,B,84,GLU,OE2,0.3609963900360997
B,117,LYS,NZ,B,73,HIS,NE2,0.16899831001689983
B,14,SER,OG,B,33,ASN,OD1,0.12599874001259986
B,117,LYS,NZ,B,73,HIS,NE2,0.33899661003389964
B,117,LYS,NZ,B,73,HIS,ND1,3.7309626903730964
B,33,ASN,ND2,B,11,ASP,OD2,0.5279947200527995
B,143,GLN,NE2,B,144,GLU,OE2,0.044999550004499955
B,22,TYR,OH,B,26,GLN,NE2,0.0049999500004999945
B,117,LYS,NZ,B,73,HIS,ND1,5.034949650503496
B,26,GLN,NE2,B,22,TYR,OH,0.026999730002699972
B,117,LYS,NZ,B,73,HIS,NE2,0.30099699003009966
B,20,LYS,NZ,B,22,TYR,OH,0.05499945000549994
B,20,LYS,NZ,B,22,TYR,OH,0.061999380006199936
B,20,LYS,NZ,B,58,GLU,OE1,3.3919660803391967
B,20,LYS,NZ,B,58,GLU,OE1,3.7869621303786962
B,117,LYS,NZ,B,75,THR,OG1,0.001999980000199998
B,20,LYS,NZ,B,19,GLN,OE1,0.2819971800281997
B,20,LYS,NZ,B,19,GLN,OE1,0.24799752002479974
B,34,ARG,NH1,B,31,GLU,OE1,0.8209917900820991
B,34,ARG,NH2,B,31,GLU,OE1,0.5509944900550994
B,34,ARG,NH2,B,31,GLU,OE2,0.5309946900530995
B,117,LYS,NZ,B,73,HIS,ND1,4.672953270467295
B,78,THR,OG1,B,82,SER,OG,0.5909940900590994
B,33,ASN,ND2,B,29,ASP,OD1,0.000999990000099999
B,34,ARG,NH1,B,32,GLU,OE2,0.5889941100588993
B,20,LYS,NZ,B,19,GLN,NE2,0.019999800001999978
B,143,GLN,NE2,B,3,GLN,OE1,0.034999650003499964
B,3,GLN,NE2,B,139,GLU,OE1,0.08399916000839992
B,135,ASN,ND2,B,136,ASP,OD1,3.392966070339297
B,20,LYS,NZ,B,19,GLN,NE2,0.025999740002599973
B,88,ASN,ND2,B,80,TYR,OH,0.0029999700002999972
B,81,GLN,NE2,A,609,MET,SD,0.010999890001099988
B,20,LYS,NZ,B,19,GLN,NE2,0.023999760002399978
B,85,GLN,NE2,A,610,GLU,OE2,2.762972370276297
B,81,GLN,NE2,B,84,GLU,OE1,0.45099549004509953
B,14,SER,OG,B,32,GLU,OE1,2.2919770802291977
B,3,GLN,NE2,B,43,SER,OG,6.6519334806651935
B,34,ARG,NH1,B,31,GLU,OE2,0.8739912600873991
B,35,THR,OG1,B,7,GLU,OE2,6.784932150678494
B,135,ASN,ND2,B,139,GLU,OE1,7.936920630793693
B,125,ARG,NH1,B,124,SER,OG,0.6069939300606995
B,125,ARG,NH1,B,124,SER,OG,0.02999970000299997
B,51,ARG,NH1,B,15,TYR,OH,0.17499825001749983
B,51,ARG,NH1,B,55,ASP,OD1,0.05799942000579994
B,51,ARG,NH1,B,55,ASP,OD2,0.03899961000389996
B,51,ARG,NH2,B,55,ASP,OD2,0.024999750002499977
B,51,ARG,NH2,B,55,ASP,OD1,0.051999480005199945
B,3,GLN,NE2,B,143,GLN,OE1,0.015999840001599985
B,41,THR,OG1,B,44,GLU,OE2,0.4249957500424996
B,33,ASN,ND2,B,11,ASP,OD1,0.5129948700512994
B,3,GLN,NE2,B,143,GLN,NE2,0.015999840001599985
B,33,ASN,ND2,B,14,SER,OG,0.3329966700332997
B,143,GLN,NE2,B,3,GLN,NE2,0.025999740002599973
B,33,ASN,ND2,B,14,SER,OG,0.1049989500104999
B,3,GLN,NE2,B,139,GLU,OE2,0.039999600003999956
B,16,LYS,NZ,B,15,TYR,OH,0.10399896001039989
B,16,LYS,NZ,B,105,SER,OG,0.003999960000399996
B,51,ARG,NH2,B,11,ASP,OD2,0.4179958200417996
B,143,GLN,NE2,B,3,GLN,OE1,0.05999940000599994
B,16,LYS,NZ,B,105,SER,OG,0.0059999400005999945
B,135,ASN,ND2,B,139,GLU,OE2,7.932920670793292
B,85,GLN,NE2,A,610,GLU,OE1,0.8199918000819992
B,6,ARG,NH2,B,7,GLU,OE1,0.015999840001599985
B,51,ARG,NH1,B,44,GLU,OE1,1.208987910120899
B,51,ARG,NH2,B,44,GLU,OE1,1.8619813801861982
B,33,ASN,ND2,B,11,ASP,OD2,0.0939990600093999
B,62,ARG,NH1,B,67,ASP,OD1,1.047989520104799
B,62,ARG,NH1,B,67,ASP,OD2,0.992990070099299
B,62,ARG,NH2,B,67,ASP,OD1,0.6529934700652993
B,62,ARG,NH2,B,67,ASP,OD2,0.6219937800621994
B,33,ASN,ND2,B,11,ASP,OD1,0.07699923000769993
B,73,HIS,NE2,B,71,GLN,OE1,0.047999520004799956
B,125,ARG,NH1,B,29,ASP,OD1,0.24399756002439973
B,92,ARG,NH1,B,93,ASP,OD1,0.0049999500004999945
B,92,ARG,NE,B,93,ASP,OD1,0.8619913800861991
B,92,ARG,NE,B,93,ASP,OD2,0.9249907500924991
B,62,ARG,NE,B,67,ASP,OD2,60.134398656013445
B,62,ARG,NH2,B,19,GLN,NE2,0.037999620003799965
B,62,ARG,NE,B,67,ASP,OD1,58.15841841581584
B,3,GLN,NE2,B,139,GLU,OE1,0.03199968000319997
B,26,GLN,NE2,B,118,GLU,OE1,0.15999840001599983
B,26,GLN,NE2,B,118,GLU,OE2,0.16199838001619984
B,34,ARG,NE,B,44,GLU,OE1,5.854941450585494
B,34,ARG,NE,B,44,GLU,OE2,5.790942090579095
B,34,ARG,NH2,B,44,GLU,OE1,6.646933530664693
B,34,ARG,NH2,B,44,GLU,OE2,6.219937800621994
B,34,ARG,NH2,B,48,GLN,OE1,0.11599884001159988
B,34,ARG,NH1,B,48,GLN,OE1,0.11599884001159988
B,34,ARG,NH1,B,48,GLN,NE2,0.03199968000319997
B,34,ARG,NH2,B,48,GLN,NE2,0.0059999400005999945
B,62,ARG,NH2,B,67,ASP,OD1,52.496475035249645
B,34,ARG,NH1,B,44,GLU,OE2,1.6269837301626984
B,62,ARG,NH2,B,67,ASP,OD2,53.92746072539275
B,92,ARG,NH2,B,93,ASP,OD2,0.05499945000549994
B,135,ASN,ND2,B,136,ASP,OD2,3.347966520334797
B,62,ARG,NH1,B,66,SER,OG,0.012999870001299986
B,69,THR,OG1,B,70,SER,OG,1.098989010109899
B,2,SER,OG,B,139,GLU,OE2,12.087879121208788
A,615,ARG,NE,B,71,GLN,OE1,1.0369896301036992
B,92,ARG,NH2,B,93,ASP,OD1,0.04399956000439995
B,33,ASN,ND2,B,23,SER,OG,0.027999720002799974
B,88,ASN,ND2,B,85,GLN,OE1,0.19399806001939982
B,88,ASN,ND2,B,85,GLN,NE2,0.07399926000739993
B,34,ARG,NE,B,11,ASP,OD1,4.681953180468195
B,69,THR,OG1,B,67,ASP,OD1,3.3209667903320965
B,69,THR,OG1,B,67,ASP,OD2,2.968970310296897
B,35,THR,OG1,B,11,ASP,OD2,0.001999980000199998
B,135,ASN,ND2,B,5,ASN,OD1,1.1029889701102988
B,34,ARG,NH1,B,44,GLU,OE1,2.8059719402805974
B,143,GLN,NE2,B,2,SER,OG,0.16099839001609983
B,34,ARG,NH2,B,44,GLU,OE1,2.7399726002739975
A,627,SER,OG,B,155,TYR,OH,6.684933150668493
B,34,ARG,NH1,B,44,GLU,OE2,2.7899721002789972
B,34,ARG,NH2,B,44,GLU,OE2,2.7159728402715975
B,34,ARG,NH1,B,11,ASP,OD1,0.14899851001489986
B,155,TYR,OH,A,627,SER,OG,42.31957680423196
B,148,TRP,NE1,B,139,GLU,OE2,0.3079969200307997
B,34,ARG,NH1,B,11,ASP,OD2,0.1049989500104999
B,141,TRP,NE1,B,145,ASN,OD1,0.011999880001199989
B,155,TYR,OH,A,624,ASP,OD2,1.7359826401735983
B,120,GLN,NE2,B,118,GLU,OE2,0.45399546004539953
B,6,ARG,NH1,B,33,ASN,OD1,0.2239977600223998
B,6,ARG,NH2,B,33,ASN,OD1,0.12699873001269987
B,34,ARG,NH2,B,41,THR,OG1,0.12399876001239987
B,34,ARG,NE,B,41,THR,OG1,0.03199968000319997
B,60,ARG,NE,A,626,MET,SD,0.5629943700562994
B,28,SER,OG,B,25,SER,OG,0.010999890001099988
B,34,ARG,NH2,B,41,THR,OG1,1.6419835801641982
B,34,ARG,NH1,B,41,THR,OG1,1.3259867401325987
B,70,SER,OG,B,66,SER,OG,1.4579854201457985
B,16,LYS,NZ,B,15,TYR,OH,0.11999880001199988
A,615,ARG,NE,B,61,TYR,OH,1.4609853901460985
A,615,ARG,NH2,B,61,TYR,OH,0.44599554004459957
B,3,GLN,NE2,B,35,THR,OG1,1.3769862301376987
B,35,THR,OG1,B,3,GLN,NE2,0.0879991200087999
B,35,THR,OG1,B,3,GLN,OE1,0.1979980200197998
A,627,SER,OG,A,626,MET,SD,0.010999890001099988
B,66,SER,OG,B,70,SER,OG,0.3089969100308997
B,6,ARG,NH1,B,29,ASP,OD1,0.0059999400005999945
B,34,ARG,NH1,B,44,GLU,OE1,1.2439875601243988
B,6,ARG,NH2,B,32,GLU,OE2,7.477925220747792
B,6,ARG,NH2,B,32,GLU,OE1,7.259927400725993
B,62,ARG,NH1,B,67,ASP,OD1,2.2779772202277977
B,62,ARG,NH1,B,67,ASP,OD2,2.4239757602423975
B,60,ARG,NH1,A,626,MET,SD,0.07799922000779992
B,148,TRP,NE1,B,143,GLN,NE2,0.03199968000319997
B,85,GLN,NE2,B,89,GLU,OE2,0.053999460005399944
B,6,ARG,NE,B,33,ASN,OD1,2.9999700002999967
B,6,ARG,NH2,B,33,ASN,OD1,2.4469755302446976
B,4,SER,OG,B,33,ASN,OD1,0.23299767002329974
B,70,SER,OG,B,113,GLU,OE1,0.00899991000089999
B,70,SER,OG,B,113,GLU,OE2,0.011999880001199989
B,25,SER,OG,B,26,GLN,OE1,0.05999940000599994
B,71,GLN,NE2,B,67,ASP,OD2,0.014999850001499985
B,26,GLN,NE2,B,25,SER,OG,1.137988620113799
A,615,ARG,NH1,A,611,ASN,OD1,0.10399896001039989
B,6,ARG,NH2,B,29,ASP,OD2,2.5319746802531977
B,60,ARG,NH2,A,627,SER,OG,0.4029959700402996
B,18,SER,OG,B,14,SER,OG,4.065959340406597
B,143,GLN,NE2,B,2,SER,OG,0.2629973700262997
B,2,SER,OG,B,143,GLN,NE2,0.061999380006199936
B,71,GLN,NE2,A,611,ASN,OD1,0.7849921500784993
B,18,SER,OG,B,19,GLN,OE1,0.00899991000089999
B,60,ARG,NE,A,627,SER,OG,0.1929980700192998
B,14,SER,OG,B,32,GLU,OE2,2.4579754202457975
B,33,ASN,ND2,B,7,GLU,OE1,0.16599834001659983
B,148,TRP,NE1,B,143,GLN,OE1,0.006999930000699994
B,43,SER,OG,B,35,THR,OG1,0.2189978100218998
B,73,HIS,NE2,A,608,THR,OG1,0.07699923000769993
B,62,ARG,NH2,B,69,THR,OG1,0.024999750002499977
A,608,THR,OG1,B,73,HIS,ND1,1.3079869201307988
A,608,THR,OG1,B,73,HIS,NE2,0.22999770002299977
B,33,ASN,ND2,B,7,GLU,OE2,0.18299817001829982
B,51,ARG,NH1,B,52,GLU,OE2,6.916930830691694
B,14,SER,OG,B,25,SER,OG,0.11799882001179988
B,25,SER,OG,B,14,SER,OG,0.11699883001169988
A,614,ARG,NH1,B,89,GLU,OE1,0.6349936500634994
B,35,THR,OG1,B,43,SER,OG,0.15199848001519986
B,85,GLN,NE2,B,89,GLU,OE1,0.12399876001239987
B,14,SER,OG,B,18,SER,OG,0.15099849001509985
B,62,ARG,NH1,B,69,THR,OG1,0.010999890001099988
B,5,ASN,ND2,B,135,ASN,OD1,1.2209877901220987
B,143,GLN,NE2,B,144,GLU,OE1,0.0909990900090999
B,28,SER,OG,B,120,GLN,OE1,0.0029999700002999972
B,73,HIS,NE2,B,71,GLN,NE2,0.021999780002199976
B,24,TRP,NE1,B,120,GLN,OE1,0.06799932000679994
B,3,GLN,NE2,B,33,ASN,OD1,0.22599774002259976
A,613,SER,OG,A,609,MET,SD,0.024999750002499977
B,4,SER,OG,B,2,SER,OG,0.35399646003539964
B,63,ARG,NH1,B,56,GLU,OE1,0.08599914000859991
B,47,LYS,NZ,B,32,GLU,OE2,2.4889751102488975
B,47,LYS,NZ,B,32,GLU,OE1,2.2399776002239977
B,63,ARG,NH2,B,56,GLU,OE1,0.12499875001249988
B,47,LYS,NZ,B,32,GLU,OE2,2.7399726002739975
B,47,LYS,NZ,B,32,GLU,OE1,2.3309766902330975
B,51,ARG,NH2,B,11,ASP,OD1,52.84147158528415
B,51,ARG,NE,B,11,ASP,OD1,34.49465505344946
B,51,ARG,NH2,B,11,ASP,OD2,51.188488115118844
B,48,GLN,NE2,B,11,ASP,OD1,0.001999980000199998
B,135,ASN,ND2,B,5,ASN,OD1,0.5279947200527995
A,617,LYS,NZ,A,610,GLU,OE2,0.000999990000099999
A,617,LYS,NZ,A,610,GLU,OE2,0.000999990000099999
A,617,LYS,NZ,A,610,GLU,OE2,0.000999990000099999
B,26,GLN,NE2,B,23,SER,OG,0.1759982400175998
A,613,SER,OG,A,610,GLU,OE2,0.15699843001569985
B,26,GLN,NE2,B,25,SER,OG,0.034999650003499964
B,62,ARG,NH2,B,66,SER,OG,0.007999920000799993
B,41,THR,OG1,B,36,GLU,OE1,0.24199758002419977
B,51,ARG,NE,B,11,ASP,OD2,27.115728842711572
A,608,THR,OG1,B,81,GLN,OE1,0.11399886001139989
B,51,ARG,NH2,B,32,GLU,OE1,0.44899551004489957
B,51,ARG,NH2,B,32,GLU,OE2,0.5729942700572994
A,608,THR,OG1,B,81,GLN,NE2,0.04299957000429996
A,608,THR,OG1,B,85,GLN,NE2,0.016999830001699984
B,63,ARG,NH1,B,56,GLU,OE2,0.08399916000839992
B,20,LYS,NZ,B,113,GLU,OE1,5.488945110548895
B,81,GLN,NE2,A,608,THR,OG1,0.009999900000999989
B,92,ARG,NH2,B,85,GLN,NE2,0.0989990100098999
B,143,GLN,NE2,B,5,ASN,OD1,0.001999980000199998
B,92,ARG,NH2,B,85,GLN,OE1,0.3889961100388996
B,85,GLN,NE2,A,613,SER,OG,0.17299827001729984
B,33,ASN,ND2,B,2,SER,OG,0.001999980000199998
B,51,ARG,NH1,B,32,GLU,OE1,0.3559964400355996
B,51,ARG,NH1,B,32,GLU,OE2,0.45399546004539953
B,125,ARG,NH2,B,29,ASP,OD2,0.1949980500194998
B,6,ARG,NH1,B,29,ASP,OD2,2.5839741602583977
B,34,ARG,NH1,B,35,THR,OG1,0.00899991000089999
B,28,SER,OG,B,29,ASP,OD1,0.08999910000899991
B,33,ASN,ND2,B,32,GLU,OE1,0.10799892001079989
A,627,SER,OG,A,624,ASP,OD2,0.032999670003299966
B,63,ARG,NH2,B,56,GLU,OE2,0.13799862001379987
B,33,ASN,ND2,B,32,GLU,OE2,0.13699863001369988
B,51,ARG,NH2,B,11,ASP,OD1,0.41899581004189956
B,26,GLN,NE2,B,32,GLU,OE1,0.01799982000179998
B,6,ARG,NH1,B,29,ASP,OD1,2.3909760902390977
B,43,SER,OG,B,1,MET,SD,0.027999720002799974
B,23,SER,OG,B,32,GLU,OE1,0.4089959100408996
B,6,ARG,NH2,B,29,ASP,OD1,2.4649753502464975
B,82,SER,OG,B,75,THR,OG1,0.12299877001229988
B,70,SER,OG,B,69,THR,OG1,0.11499885001149988
B,143,GLN,NE2,B,144,GLU,OE1,0.07499925000749992
B,2,SER,OG,B,39,GLU,OE1,1.034989650103499
B,2,SER,OG,B,39,GLU,OE2,1.0599894001059988
B,23,SER,OG,B,32,GLU,OE2,0.3609963900360997
B,26,GLN,NE2,B,32,GLU,OE2,0.013999860001399987
B,18,SER,OG,B,32,GLU,OE2,0.00899991000089999
B,41,THR,OG1,B,44,GLU,OE1,0.28699713002869975
B,41,THR,OG1,B,36,GLU,OE2,0.23799762002379973
B,51,ARG,NH2,B,14,SER,OG,0.03699963000369996
B,85,GLN,NE2,B,82,SER,OG,0.11699883001169988
B,26,GLN,NE2,B,32,GLU,OE1,0.0029999700002999972
B,26,GLN,NE2,B,32,GLU,OE2,0.0049999500004999945
B,80,TYR,OH,B,132,THR,OG1,0.0059999400005999945
B,82,SER,OG,B,81,GLN,OE1,0.04599954000459995
B,3,GLN,NE2,B,2,SER,OG,0.43399566004339957
B,25,SER,OG,B,26,GLN,NE2,0.015999840001599985
B,3,GLN,NE2,B,2,SER,OG,0.018999810001899983
B,3,GLN,NE2,B,7,GLU,OE2,0.8349916500834992
B,18,SER,OG,B,32,GLU,OE1,0.009999900000999989
B,61,TYR,OH,A,619,THR,OG1,0.001999980000199998
B,35,THR,OG1,B,31,GLU,OE1,0.04399956000439995
B,47,LYS,NZ,B,31,GLU,OE1,0.0029999700002999972
B,47,LYS,NZ,B,2,SER,OG,0.0049999500004999945
B,47,LYS,NZ,B,31,GLU,OE2,0.007999920000799993
B,47,LYS,NZ,B,31,GLU,OE1,0.010999890001099988
B,47,LYS,NZ,B,31,GLU,OE2,0.00899991000089999
B,62,ARG,NH1,B,19,GLN,NE2,0.003999960000399996
B,47,LYS,NZ,B,31,GLU,OE1,0.003999960000399996
B,35,THR,OG1,B,31,GLU,OE2,0.025999740002599973
B,47,LYS,NZ,B,2,SER,OG,0.003999960000399996
B,71,GLN,NE2,B,66,SER,OG,0.7219927800721994
B,28,SER,OG,B,14,SER,OG,0.8369916300836993
B,51,ARG,NH1,B,31,GLU,OE2,0.027999720002799974
B,51,ARG,NH2,B,31,GLU,OE2,0.02899971000289997
B,51,ARG,NH1,B,31,GLU,OE1,0.019999800001999978
B,51,ARG,NH2,B,31,GLU,OE1,0.025999740002599973
B,81,GLN,NE2,A,608,THR,OG1,0.011999880001199989
B,25,SER,OG,B,29,ASP,OD2,0.09299907000929991
B,69,THR,OG1,B,58,GLU,OE2,0.36599634003659964
B,25,SER,OG,B,29,ASP,OD1,0.08699913000869991
B,6,ARG,NH1,B,28,SER,OG,0.039999600003999956
B,22,TYR,OH,B,26,GLN,OE1,0.0029999700002999972
A,614,ARG,NH1,B,93,ASP,OD2,0.006999930000699994
B,33,ASN,ND2,B,44,GLU,OE1,0.006999930000699994
B,16,LYS,NZ,B,15,TYR,OH,0.11799882001179988
B,33,ASN,ND2,B,7,GLU,OE2,1.7109828901710984
B,33,ASN,ND2,B,43,SER,OG,0.03199968000319997
A,613,SER,OG,A,610,GLU,OE1,0.2089979100208998
B,71,GLN,NE2,B,66,SER,OG,1.8029819701802983
B,34,ARG,NH2,B,31,GLU,OE1,0.5509944900550994
B,34,ARG,NH1,B,29,ASP,OD1,0.024999750002499977
B,34,ARG,NH2,B,29,ASP,OD1,0.026999730002699972
B,34,ARG,NH2,B,29,ASP,OD2,0.02899971000289997
B,66,SER,OG,B,71,GLN,NE2,0.07799922000779992
B,33,ASN,ND2,B,7,GLU,OE1,2.6519734802651973
B,33,ASN,ND2,B,36,GLU,OE2,0.21999780002199976
B,33,ASN,ND2,B,36,GLU,OE1,0.22699773002269977
B,47,LYS,NZ,B,33,ASN,OD1,0.05899941000589994
B,6,ARG,NH1,B,124,SER,OG,1.5119848801511986
B,47,LYS,NZ,B,33,ASN,OD1,0.08199918000819992
B,34,ARG,NH1,B,29,ASP,OD2,0.024999750002499977
B,34,ARG,NH1,B,31,GLU,OE2,0.010999890001099988
A,617,LYS,NZ,A,610,GLU,OE1,0.000999990000099999
B,43,SER,OG,B,39,GLU,OE1,0.07999920000799991
B,24,TRP,NE1,B,120,GLN,NE2,0.006999930000699994
B,78,THR,OG1,B,81,GLN,NE2,0.00899991000089999
B,34,ARG,NH2,B,26,GLN,NE2,0.000999990000099999
B,33,ASN,ND2,B,44,GLU,OE1,0.3229967700322997
B,6,ARG,NH2,B,29,ASP,OD2,0.16199838001619984
B,6,ARG,NE,B,29,ASP,OD2,0.09699903000969991
B,51,ARG,NH2,B,33,ASN,OD1,0.010999890001099988
B,14,SER,OG,B,28,SER,OG,0.11999880001199988
B,6,ARG,NH2,B,7,GLU,OE1,0.0029999700002999972
B,20,LYS,NZ,B,67,ASP,OD1,0.04699953000469995
B,6,ARG,NH2,B,7,GLU,OE2,0.011999880001199989
A,615,ARG,NH1,B,66,SER,OG,0.19999800001999982
B,6,ARG,NH1,B,7,GLU,OE1,0.001999980000199998
B,6,ARG,NH1,B,29,ASP,OD2,0.012999870001299986
B,6,ARG,NH2,B,7,GLU,OE2,0.006999930000699994
B,6,ARG,NE,B,7,GLU,OE2,0.000999990000099999
B,92,ARG,NH2,B,88,ASN,OD1,0.04299957000429996
B,92,ARG,NH1,B,85,GLN,NE2,0.013999860001399987
B,47,LYS,NZ,B,33,ASN,OD1,0.05899941000589994
A,614,ARG,NE,A,613,SER,OG,0.23799762002379973
B,34,ARG,NH2,B,31,GLU,OE2,0.5279947200527995
A,614,ARG,NH1,A,613,SER,OG,1.3219867801321985
B,82,SER,OG,B,85,GLN,NE2,0.007999920000799993
B,51,ARG,NH1,B,33,ASN,OD1,0.000999990000099999
A,613,SER,OG,B,85,GLN,NE2,0.04099959000409996
B,35,THR,OG1,B,41,THR,OG1,0.0059999400005999945
B,33,ASN,ND2,B,44,GLU,OE2,0.3039969600303997
A,614,ARG,NH2,A,613,SER,OG,0.02999970000299997
B,48,GLN,NE2,B,32,GLU,OE1,0.001999980000199998
B,33,ASN,ND2,B,44,GLU,OE2,0.000999990000099999
B,34,ARG,NE,B,31,GLU,OE1,0.4769952300476995
A,613,SER,OG,B,89,GLU,OE2,5.474945250547495
B,43,SER,OG,B,44,GLU,OE1,1.7469825301746984
B,48,GLN,NE2,B,41,THR,OG1,0.05999940000599994
B,43,SER,OG,B,44,GLU,OE2,0.6809931900680993
B,5,ASN,ND2,B,4,SER,OG,0.05299947000529995
B,35,THR,OG1,B,33,ASN,OD1,0.2039979600203998
B,80,TYR,OH,B,88,ASN,OD1,0.000999990000099999
B,33,ASN,ND2,B,35,THR,OG1,0.13499865001349987
B,125,ARG,NH1,B,29,ASP,OD2,0.2519974800251997
B,125,ARG,NH2,B,29,ASP,OD1,0.20199798002019978
B,34,ARG,NH1,B,31,GLU,OE1,0.009999900000999989
B,62,ARG,NH1,B,19,GLN,OE1,0.0029999700002999972
B,34,ARG,NE,B,35,THR,OG1,0.001999980000199998
B,5,ASN,ND2,B,2,SER,OG,0.05299947000529995
B,34,ARG,NE,B,31,GLU,OE2,0.4329956700432996
B,92,ARG,NH1,B,93,ASP,OD1,0.011999880001199989
B,14,SER,OG,B,31,GLU,OE1,1.2109878901210986
B,48,GLN,NE2,B,36,GLU,OE1,0.1879981200187998
B,48,GLN,NE2,B,36,GLU,OE2,0.2129978700212998
B,20,LYS,NZ,B,69,THR,OG1,0.3239967600323997
B,20,LYS,NZ,B,67,ASP,OD1,0.047999520004799956
B,20,LYS,NZ,B,67,ASP,OD2,0.04299957000429996
B,20,LYS,NZ,B,69,THR,OG1,0.33199668003319965
B,20,LYS,NZ,B,69,THR,OG1,0.3169968300316997
B,20,LYS,NZ,B,67,ASP,OD2,0.044999550004499955
B,26,GLN,NE2,B,31,GLU,OE1,0.001999980000199998
B,26,GLN,NE2,B,31,GLU,OE2,0.001999980000199998
B,117,LYS,NZ,B,75,THR,OG1,0.001999980000199998
B,2,SER,OG,B,143,GLN,OE1,0.5589944100558994
B,2,SER,OG,B,3,GLN,OE1,0.08699913000869991
B,2,SER,OG,B,3,GLN,NE2,0.023999760002399978
B,33,ASN,ND2,B,35,THR,OG1,0.05099949000509995
B,34,ARG,NH1,B,26,GLN,OE1,0.000999990000099999
B,34,ARG,NH2,B,26,GLN,OE1,0.0029999700002999972
B,2,SER,OG,B,42,GLU,OE2,1.062989370106299
B,5,ASN,ND2,B,1,MET,SD,0.024999750002499977
B,34,ARG,NH2,B,18,SER,OG,0.04899951000489995
A,617,LYS,NZ,A,610,GLU,OE1,0.001999980000199998
B,2,SER,OG,B,42,GLU,OE1,1.0599894001059988
B,117,LYS,NZ,B,75,THR,OG1,0.001999980000199998
B,34,ARG,NH2,B,25,SER,OG,0.023999760002399978
B,34,ARG,NH2,B,18,SER,OG,0.0059999400005999945
B,85,GLN,NE2,B,84,GLU,OE2,0.08699913000869991
B,82,SER,OG,A,608,THR,OG1,17.022829771702284
A,608,THR,OG1,B,82,SER,OG,0.04899951000489995
B,47,LYS,NZ,B,1,MET,SD,0.000999990000099999
B,125,ARG,NH2,B,29,ASP,OD2,0.0029999700002999972
B,15,TYR,OH,B,52,GLU,OE1,0.003999960000399996
B,125,ARG,NH2,B,29,ASP,OD1,0.0059999400005999945
B,125,ARG,NH2,B,124,SER,OG,0.015999840001599985
B,41,THR,OG1,B,39,GLU,OE1,1.2169878301216988
B,41,THR,OG1,B,39,GLU,OE2,1.0529894701052989
B,125,ARG,NH2,B,124,SER,OG,0.10999890001099988
B,14,SER,OG,B,31,GLU,OE2,1.1769882301176988
B,25,SER,OG,B,18,SER,OG,0.06999930000699993
B,81,GLN,NE2,B,78,THR,OG1,0.001999980000199998
A,611,ASN,ND2,A,608,THR,OG1,0.01799982000179998
B,33,ASN,ND2,B,39,GLU,OE2,0.018999810001899983
B,6,ARG,NH2,B,3,GLN,OE1,1.018989810101899
B,18,SER,OG,B,25,SER,OG,0.0029999700002999972
B,20,LYS,NZ,B,67,ASP,OD1,0.04699953000469995
B,34,ARG,NH2,B,48,GLN,NE2,0.09599904000959991
B,20,LYS,NZ,B,67,ASP,OD2,0.05899941000589994
B,34,ARG,NE,B,48,GLN,NE2,0.012999870001299986
B,48,GLN,NE2,B,11,ASP,OD1,0.009999900000999989
A,627,SER,OG,A,624,ASP,OD1,0.034999650003499964
B,92,ARG,NH2,B,133,TYR,OH,0.000999990000099999
B,92,ARG,NH2,B,88,ASN,OD1,0.22099779002209977
B,97,TRP,NE1,A,627,SER,OG,0.000999990000099999
B,85,GLN,NE2,A,613,SER,OG,0.014999850001499985
B,43,SER,OG,B,42,GLU,OE2,0.09699903000969991
A,611,ASN,ND2,B,71,GLN,OE1,0.14999850001499984
B,34,ARG,NE,B,39,GLU,OE2,0.000999990000099999
B,143,GLN,NE2,B,144,GLU,OE2,0.07499925000749992
B,18,SER,OG,B,23,SER,OG,0.000999990000099999
B,34,ARG,NH2,B,11,ASP,OD2,5.4419455805441945
B,34,ARG,NE,B,11,ASP,OD2,5.357946420535795
B,150,THR,OG1,B,153,GLU,OE1,0.026999730002699972
B,150,THR,OG1,B,153,GLU,OE2,0.011999880001199989
B,34,ARG,NH1,B,25,SER,OG,0.013999860001399987
B,34,ARG,NH1,B,39,GLU,OE2,2.209977900220998
B,25,SER,OG,B,28,SER,OG,0.0029999700002999972
B,34,ARG,NH1,B,39,GLU,OE1,2.3089769102308977
B,34,ARG,NH2,B,39,GLU,OE1,2.331976680233198
B,6,ARG,NE,B,32,GLU,OE2,7.234927650723493
B,34,ARG,NH1,B,7,GLU,OE2,11.090889091109089
B,34,ARG,NH1,B,7,GLU,OE1,11.67988320116799
B,34,ARG,NH2,B,7,GLU,OE2,11.683883161168389
B,34,ARG,NH1,B,2,SER,OG,0.006999930000699994
B,75,THR,OG1,B,82,SER,OG,0.021999780002199976
B,34,ARG,NH2,B,2,SER,OG,0.022999770002299975
B,6,ARG,NE,B,32,GLU,OE1,6.897931020689793
B,34,ARG,NH1,B,18,SER,OG,0.011999880001199989
B,34,ARG,NH1,B,23,SER,OG,0.12899871001289986
B,34,ARG,NH2,B,25,SER,OG,0.02899971000289997
B,34,ARG,NE,B,25,SER,OG,0.003999960000399996
B,34,ARG,NH2,B,23,SER,OG,0.000999990000099999
B,88,ASN,ND2,B,137,HIS,NE2,0.009999900000999989
B,88,ASN,ND2,B,137,HIS,ND1,0.000999990000099999
B,33,ASN,ND2,B,36,GLU,OE2,0.25399746002539975
B,3,GLN,NE2,B,36,GLU,OE1,0.6789932100678994
B,3,GLN,NE2,B,36,GLU,OE2,0.6839931600683994
B,3,GLN,NE2,B,36,GLU,OE2,0.5799942000579994
B,3,GLN,NE2,B,36,GLU,OE1,0.6909930900690993
B,34,ARG,NH1,B,7,GLU,OE2,2.6839731602683976
B,73,HIS,NE2,B,82,SER,OG,0.000999990000099999
B,34,ARG,NH1,B,7,GLU,OE1,2.454975450245498
B,35,THR,OG1,B,2,SER,OG,1.1369886301136989
B,35,THR,OG1,B,4,SER,OG,0.2589974100258997
B,124,SER,OG,B,32,GLU,OE2,0.015999840001599985
B,2,SER,OG,B,35,THR,OG1,0.8289917100828992
B,3,GLN,NE2,B,35,THR,OG1,0.36299637003629964
B,4,SER,OG,B,35,THR,OG1,0.2829971700282997
B,23,SER,OG,B,18,SER,OG,0.00899991000089999
B,125,ARG,NH2,B,80,TYR,OH,0.02899971000289997
B,23,SER,OG,B,14,SER,OG,0.05299947000529995
A,614,ARG,NH1,B,89,GLU,OE2,0.05899941000589994
B,92,ARG,NH1,B,93,ASP,OD2,0.001999980000199998
B,14,SER,OG,B,23,SER,OG,0.16399836001639984
B,73,HIS,NE2,B,70,SER,OG,0.03599964000359996
A,615,ARG,NE,B,71,GLN,NE2,0.16999830001699984
B,92,ARG,NH2,A,610,GLU,OE2,0.0029999700002999972
B,125,ARG,NE,B,29,ASP,OD2,0.0029999700002999972
A,615,ARG,NH2,B,66,SER,OG,0.08299917000829991
B,63,ARG,NH2,B,56,GLU,OE2,0.011999880001199989
B,43,SER,OG,B,36,GLU,OE2,0.3289967100328997
B,43,SER,OG,B,36,GLU,OE1,0.16799832001679985
B,63,ARG,NH2,B,56,GLU,OE1,0.018999810001899983
B,71,GLN,NE2,B,61,TYR,OH,1.8209817901820982
A,614,ARG,NH2,B,93,ASP,OD1,0.013999860001399987
A,614,ARG,NH1,B,93,ASP,OD1,0.009999900000999989
B,120,GLN,NE2,B,29,ASP,OD2,0.22299777002229978
B,88,ASN,ND2,B,133,TYR,OH,0.31599684003159967
B,24,TRP,NE1,B,31,GLU,OE1,0.049999500004999954
B,120,GLN,NE2,B,29,ASP,OD1,0.2129978700212998
B,34,ARG,NH2,B,11,ASP,OD1,5.270947290527095
B,88,ASN,ND2,B,85,GLN,NE2,0.001999980000199998
B,51,ARG,NH2,B,44,GLU,OE1,0.000999990000099999
B,124,SER,OG,B,32,GLU,OE1,0.032999670003299966
B,48,GLN,NE2,B,15,TYR,OH,0.3579964200357996
B,125,ARG,NE,B,80,TYR,OH,2.2339776602233976
B,125,ARG,NH1,B,80,TYR,OH,1.8539814601853981
B,125,ARG,NH1,B,80,TYR,OH,0.11599884001159988
B,129,TRP,NE1,B,84,GLU,OE2,9.182908170918292
B,4,SER,OG,B,43,SER,OG,1.9299807001929978
B,133,TYR,OH,B,84,GLU,OE1,0.20099799002009977
B,137,HIS,NE2,B,133,TYR,OH,0.0059999400005999945
B,3,GLN,NE2,B,33,ASN,OD1,0.8059919400805992
B,133,TYR,OH,B,84,GLU,OE2,0.0989990100098999
A,608,THR,OG1,B,78,THR,OG1,1.6119838801611983
B,78,THR,OG1,A,608,THR,OG1,0.3109968900310997
B,88,ASN,ND2,A,610,GLU,OE1,0.001999980000199998
B,80,TYR,OH,B,119,MET,SD,0.01799982000179998
A,615,ARG,NH2,B,71,GLN,NE2,0.21599784002159977
A,617,LYS,NZ,A,621,ASP,OD1,1.006989930100699
B,2,SER,OG,B,36,GLU,OE2,0.15099849001509985
B,2,SER,OG,B,36,GLU,OE1,0.13699863001369988
B,3,GLN,NE2,B,139,GLU,OE2,0.049999500004999954
B,92,ARG,NH2,A,610,GLU,OE1,0.0059999400005999945
B,19,GLN,NE2,B,18,SER,OG,0.13399866001339988
B,34,ARG,NE,B,43,SER,OG,0.02999970000299997
A,611,ASN,ND2,B,71,GLN,NE2,0.10999890001099988
B,78,THR,OG1,A,609,MET,SD,0.000999990000099999
A,613,SER,OG,B,85,GLN,OE1,0.02099979000209998
B,34,ARG,NH1,B,3,GLN,NE2,0.02999970000299997
B,34,ARG,NH1,B,3,GLN,OE1,0.3949960500394996
B,34,ARG,NH2,B,43,SER,OG,0.39699603003969963
B,34,ARG,NE,B,3,GLN,OE1,0.21599784002159977
B,34,ARG,NH2,B,3,GLN,OE1,0.1759982400175998
B,6,ARG,NH1,B,135,ASN,OD1,0.030999690003099968
B,34,ARG,NH2,B,3,GLN,NE2,0.03599964000359996
B,34,ARG,NH2,B,3,GLN,OE1,0.09299907000929991
B,34,ARG,NH2,B,3,GLN,NE2,0.047999520004799956
B,34,ARG,NH1,B,3,GLN,OE1,0.12599874001259986
B,34,ARG,NH2,B,39,GLU,OE2,2.306976930230698
B,6,ARG,NH2,B,135,ASN,OD1,0.026999730002699972
B,48,GLN,NE2,B,11,ASP,OD2,0.001999980000199998
B,6,ARG,NE,B,139,GLU,OE2,0.3149968500314997
B,4,SER,OG,B,135,ASN,OD1,0.001999980000199998
B,6,ARG,NE,B,139,GLU,OE1,0.3429965700342996
B,6,ARG,NH2,B,139,GLU,OE1,0.38199618003819963
B,6,ARG,NH2,B,139,GLU,OE2,0.3889961100388996
B,92,ARG,NH1,B,93,ASP,OD2,0.007999920000799993
B,6,ARG,NH2,B,139,GLU,OE2,5.160948390516095
B,43,SER,OG,B,4,SER,OG,2.5379746202537974
B,62,ARG,NH2,B,69,THR,OG1,0.032999670003299966
B,51,ARG,NH1,B,36,GLU,OE2,0.014999850001499985
B,51,ARG,NH2,B,36,GLU,OE2,0.0049999500004999945
B,69,THR,OG1,B,58,GLU,OE1,0.2769972300276997
B,48,GLN,NE2,B,39,GLU,OE2,0.013999860001399987
B,34,ARG,NH1,B,4,SER,OG,0.43099569004309957
B,2,SER,OG,B,4,SER,OG,0.41699583004169954
B,3,GLN,NE2,B,5,ASN,OD1,1.3619863801361987
B,5,ASN,ND2,B,3,GLN,NE2,0.07099929000709992
B,5,ASN,ND2,B,3,GLN,OE1,0.013999860001399987
B,6,ARG,NE,B,28,SER,OG,0.003999960000399996
B,135,ASN,ND2,B,3,GLN,OE1,0.000999990000099999
B,41,THR,OG1,B,43,SER,OG,1.1339886601133988
B,6,ARG,NH2,B,29,ASP,OD1,0.15799842001579983
B,6,ARG,NE,B,29,ASP,OD1,0.07999920000799991
B,125,ARG,NH1,B,31,GLU,OE2,0.000999990000099999
B,6,ARG,NH1,B,31,GLU,OE2,1.3719862801371985
B,6,ARG,NE,B,132,THR,OG1,0.000999990000099999
B,6,ARG,NH2,B,132,THR,OG1,0.05799942000579994
A,617,LYS,NZ,A,613,SER,OG,0.05999940000599994
B,41,THR,OG1,B,7,GLU,OE2,1.7489825101748981
B,135,ASN,ND2,B,136,ASP,OD2,4.132958670413296
B,135,ASN,ND2,B,136,ASP,OD1,4.222957770422296
B,34,ARG,NH1,B,43,SER,OG,0.1959980400195998
B,6,ARG,NH1,B,31,GLU,OE1,1.034989650103499
B,125,ARG,NH1,B,31,GLU,OE1,0.001999980000199998
B,125,ARG,NE,B,29,ASP,OD1,0.0029999700002999972
B,92,ARG,NH2,B,85,GLN,NE2,0.00899991000089999
B,16,LYS,NZ,B,105,SER,OG,0.0029999700002999972
B,4,SER,OG,B,32,GLU,OE1,0.010999890001099988
B,80,TYR,OH,B,133,TYR,OH,0.003999960000399996
B,135,ASN,ND2,B,4,SER,OG,3.3799662003379964
B,145,ASN,ND2,B,150,THR,OG1,0.12199878001219987
B,6,ARG,NH1,B,136,ASP,OD1,0.000999990000099999
B,125,ARG,NH1,B,29,ASP,OD2,0.000999990000099999
A,619,THR,OG1,B,61,TYR,OH,0.000999990000099999
B,48,GLN,NE2,B,39,GLU,OE2,0.04599954000459995
B,41,THR,OG1,B,7,GLU,OE1,1.6729832701672984
B,125,ARG,NH1,B,29,ASP,OD1,0.001999980000199998
B,41,THR,OG1,B,3,GLN,OE1,0.9129908700912992
B,41,THR,OG1,B,3,GLN,NE2,0.3109968900310997
B,3,GLN,NE2,B,41,THR,OG1,0.6729932700672994
B,62,ARG,NH2,B,55,ASP,OD1,0.001999980000199998
B,15,TYR,OH,B,58,GLU,OE1,0.000999990000099999
B,4,SER,OG,B,32,GLU,OE2,0.013999860001399987
B,6,ARG,NH1,B,32,GLU,OE1,0.06399936000639994
B,6,ARG,NH1,B,32,GLU,OE2,0.05999940000599994
B,133,TYR,OH,B,80,TYR,OH,0.018999810001899983
B,25,SER,OG,B,35,THR,OG1,0.0029999700002999972
B,3,GLN,NE2,B,4,SER,OG,0.0059999400005999945
A,614,ARG,NH1,A,613,SER,OG,0.0049999500004999945
A,611,ASN,ND2,A,608,THR,OG1,0.001999980000199998
A,615,ARG,NH1,A,608,THR,OG1,0.024999750002499977
B,4,SER,OG,B,31,GLU,OE1,0.26399736002639973
B,81,GLN,NE2,B,82,SER,OG,0.000999990000099999
B,4,SER,OG,B,31,GLU,OE2,0.2879971200287997
B,63,ARG,NH1,B,56,GLU,OE2,0.006999930000699994
B,34,ARG,NH1,B,3,GLN,NE2,0.07599924000759993
B,43,SER,OG,B,42,GLU,OE1,0.027999720002799974
B,48,GLN,NE2,B,11,ASP,OD2,0.001999980000199998
B,34,ARG,NH2,B,43,SER,OG,0.1119988800111999
B,28,SER,OG,B,29,ASP,OD2,0.10999890001099988
B,85,GLN,NE2,B,89,GLU,OE1,0.19099809001909981
B,47,LYS,NZ,B,3,GLN,NE2,0.001999980000199998
B,3,GLN,NE2,B,7,GLU,OE1,1.5319846801531984
B,48,GLN,NE2,B,39,GLU,OE1,0.051999480005199945
B,132,THR,OG1,B,80,TYR,OH,0.0059999400005999945
B,6,ARG,NH2,B,4,SER,OG,0.001999980000199998
B,60,ARG,NH2,B,155,TYR,OH,0.027999720002799974
B,34,ARG,NH1,B,43,SER,OG,0.24499755002449974
B,71,GLN,NE2,B,73,HIS,NE2,0.000999990000099999
B,135,ASN,ND2,B,132,THR,OG1,0.012999870001299986
B,34,ARG,NH1,B,41,THR,OG1,0.01799982000179998
A,615,ARG,NH1,A,611,ASN,OD1,0.011999880001199989
B,34,ARG,NE,B,33,ASN,OD1,0.007999920000799993
B,62,ARG,NH2,B,19,GLN,OE1,0.001999980000199998
B,41,THR,OG1,B,2,SER,OG,0.2109978900210998
B,43,SER,OG,B,41,THR,OG1,0.49899501004989955
B,20,LYS,NZ,B,113,GLU,OE1,5.226947730522695
B,35,THR,OG1,B,18,SER,OG,0.000999990000099999
B,47,LYS,NZ,B,1,MET,SD,0.001999980000199998
B,6,ARG,NH2,B,3,GLN,NE2,0.025999740002599973
B,6,ARG,NH1,B,3,GLN,OE1,0.11299887001129988
B,3,GLN,NE2,B,32,GLU,OE1,0.016999830001699984
B,75,THR,OG1,B,81,GLN,OE1,0.000999990000099999
B,2,SER,OG,B,41,THR,OG1,0.20599794002059982
B,63,ARG,NH1,A,626,MET,SD,0.000999990000099999
B,124,SER,OG,B,31,GLU,OE2,0.027999720002799974
B,124,SER,OG,B,31,GLU,OE1,0.0059999400005999945
B,6,ARG,NE,B,5,ASN,OD1,0.000999990000099999
B,34,ARG,NH2,B,4,SER,OG,0.41399586004139954
B,66,SER,OG,B,71,GLN,OE1,0.0029999700002999972
B,34,ARG,NH2,B,4,SER,OG,0.061999380006199936
A,613,SER,OG,B,89,GLU,OE1,5.555944440555594
B,6,ARG,NH1,B,36,GLU,OE2,0.000999990000099999
B,41,THR,OG1,B,149,ASP,OD1,6.905930940690593
B,41,THR,OG1,B,149,ASP,OD2,6.926930730692693
B,6,ARG,NH1,B,33,ASN,OD1,3.086969130308697
B,33,ASN,ND2,B,4,SER,OG,0.4059959400405996
B,143,GLN,NE2,B,39,GLU,OE2,0.006999930000699994
B,33,ASN,ND2,B,3,GLN,OE1,0.24599754002459975
B,143,GLN,NE2,B,39,GLU,OE2,0.000999990000099999
B,34,ARG,NE,B,2,SER,OG,0.09699903000969991
B,34,ARG,NH2,B,2,SER,OG,0.012999870001299986
B,34,ARG,NH1,B,42,GLU,OE1,5.8269417305826945
B,34,ARG,NH1,B,42,GLU,OE2,5.861941380586194
B,34,ARG,NH2,B,42,GLU,OE1,5.796942030579695
B,34,ARG,NH2,B,42,GLU,OE2,6.054939450605494
B,47,LYS,NZ,B,42,GLU,OE1,0.32199678003219967
B,47,LYS,NZ,B,42,GLU,OE1,0.47199528004719954
B,34,ARG,NH2,B,35,THR,OG1,0.001999980000199998
B,34,ARG,NH2,B,42,GLU,OE2,5.5519444805551945
B,2,SER,OG,B,33,ASN,OD1,0.0029999700002999972
B,33,ASN,ND2,B,2,SER,OG,0.010999890001099988
B,34,ARG,NH1,B,42,GLU,OE1,0.12199878001219987
B,41,THR,OG1,B,1,MET,SD,0.02099979000209998
B,35,THR,OG1,B,42,GLU,OE2,0.12399876001239987
B,35,THR,OG1,B,42,GLU,OE1,0.11799882001179988
B,34,ARG,NE,B,42,GLU,OE1,4.591954080459196
B,34,ARG,NE,B,42,GLU,OE2,4.968950310496895
B,34,ARG,NH2,B,42,GLU,OE1,5.319946800531994
B,35,THR,OG1,B,1,MET,SD,0.021999780002199976
B,3,GLN,NE2,B,1,MET,SD,0.0029999700002999972
B,148,TRP,NE1,B,3,GLN,NE2,0.06899931000689993
B,34,ARG,NH1,B,42,GLU,OE2,0.08499915000849992
B,148,TRP,NE1,B,3,GLN,OE1,0.015999840001599985
B,3,GLN,NE2,B,149,ASP,OD2,0.0029999700002999972
B,3,GLN,NE2,B,149,ASP,OD1,0.0049999500004999945
B,143,GLN,NE2,B,39,GLU,OE1,0.0029999700002999972
B,48,GLN,NE2,B,42,GLU,OE2,0.0049999500004999945
B,2,SER,OG,B,149,ASP,OD2,0.016999830001699984
B,2,SER,OG,B,149,ASP,OD1,0.01799982000179998
B,3,GLN,NE2,B,5,ASN,OD1,0.11599884001159988
B,33,ASN,ND2,B,39,GLU,OE1,0.05999940000599994
B,47,LYS,NZ,B,42,GLU,OE2,0.2029979700202998
B,47,LYS,NZ,B,42,GLU,OE2,0.15999840001599983
B,47,LYS,NZ,B,42,GLU,OE1,0.37799622003779965
B,47,LYS,NZ,B,42,GLU,OE2,0.1879981200187998
B,92,ARG,NH1,B,85,GLN,OE1,0.13899861001389985
B,85,GLN,NE2,B,78,THR,OG1,0.000999990000099999
B,75,THR,OG1,A,608,THR,OG1,0.2049979500204998
B,78,THR,OG1,B,85,GLN,OE1,0.000999990000099999
B,129,TRP,NE1,B,84,GLU,OE1,9.26490735092649
B,34,ARG,NH2,B,29,ASP,OD2,0.006999930000699994
B,34,ARG,NH2,B,29,ASP,OD1,0.0049999500004999945
B,34,ARG,NE,B,29,ASP,OD1,0.000999990000099999
B,34,ARG,NE,B,29,ASP,OD2,0.000999990000099999
B,20,LYS,NZ,B,113,GLU,OE1,5.3529464705352945
B,33,ASN,ND2,B,29,ASP,OD1,0.02899971000289997
B,43,SER,OG,B,39,GLU,OE2,0.09299907000929991
B,6,ARG,NE,B,124,SER,OG,0.0029999700002999972
B,47,LYS,NZ,B,39,GLU,OE2,0.000999990000099999
B,33,ASN,ND2,B,39,GLU,OE1,0.0029999700002999972
B,33,ASN,ND2,B,39,GLU,OE2,0.00899991000089999
B,26,GLN,NE2,B,118,GLU,OE1,0.2249977500224998
B,92,ARG,NH1,B,88,ASN,OD1,0.04599954000459995
B,124,SER,OG,B,120,GLN,OE1,0.016999830001699984
B,120,GLN,NE2,B,28,SER,OG,0.0059999400005999945
B,120,GLN,NE2,B,124,SER,OG,0.02099979000209998
B,124,SER,OG,B,120,GLN,NE2,0.060999390006099934
B,73,HIS,NE2,B,78,THR,OG1,0.006999930000699994
B,20,LYS,NZ,B,113,GLU,OE2,5.802941970580294
B,20,LYS,NZ,B,113,GLU,OE2,5.756942430575694
B,33,ASN,ND2,B,4,SER,OG,0.015999840001599985
B,48,GLN,NE2,B,42,GLU,OE1,0.0049999500004999945
B,20,LYS,NZ,B,113,GLU,OE2,5.589944100558995
B,117,LYS,NZ,B,119,MET,SD,0.000999990000099999
B,145,ASN,ND2,B,150,THR,OG1,0.0059999400005999945
A,608,THR,OG1,B,75,THR,OG1,2.016979830201698
B,82,SER,OG,A,610,GLU,OE2,0.1879981200187998
B,63,ARG,NH1,A,627,SER,OG,0.000999990000099999
B,63,ARG,NH2,A,627,SER,OG,0.001999980000199998
B,63,ARG,NH2,A,627,SER,OG,0.0029999700002999972
B,43,SER,OG,B,32,GLU,OE2,0.000999990000099999
B,60,ARG,NE,B,155,TYR,OH,0.000999990000099999
B,120,GLN,NE2,B,124,SER,OG,0.13999860001399986
B,47,LYS,NZ,B,39,GLU,OE1,0.000999990000099999
B,47,LYS,NZ,B,3,GLN,OE1,0.000999990000099999
B,47,LYS,NZ,B,3,GLN,OE1,0.000999990000099999
B,47,LYS,NZ,B,3,GLN,OE1,0.000999990000099999
B,47,LYS,NZ,B,4,SER,OG,0.19199808001919982
B,47,LYS,NZ,B,4,SER,OG,0.04899951000489995
B,47,LYS,NZ,B,4,SER,OG,0.15399846001539985
B,85,GLN,NE2,B,82,SER,OG,0.012999870001299986
B,34,ARG,NH1,B,4,SER,OG,0.07399926000739993
B,125,ARG,NH2,B,81,GLN,OE1,0.01799982000179998
B,6,ARG,NH2,B,35,THR,OG1,0.04599954000459995
B,6,ARG,NH1,B,35,THR,OG1,0.001999980000199998
B,4,SER,OG,B,3,GLN,OE1,0.011999880001199989
B,85,GLN,NE2,B,89,GLU,OE2,0.15299847001529984
B,24,TRP,NE1,B,29,ASP,OD2,0.12299877001229988
B,24,TRP,NE1,B,29,ASP,OD1,0.025999740002599973
B,125,ARG,NH2,B,81,GLN,NE2,0.012999870001299986
B,33,ASN,ND2,B,29,ASP,OD2,0.010999890001099988
B,51,ARG,NH2,B,14,SER,OG,0.47099529004709956
A,627,SER,OG,B,153,GLU,OE2,0.000999990000099999
B,125,ARG,NH2,B,84,GLU,OE2,0.000999990000099999
B,125,ARG,NH1,B,81,GLN,NE2,0.006999930000699994
B,85,GLN,NE2,B,88,ASN,OD1,0.007999920000799993
B,4,SER,OG,B,1,MET,SD,0.003999960000399996
B,26,GLN,NE2,B,118,GLU,OE2,0.25399746002539975
B,135,ASN,ND2,B,1,MET,SD,0.001999980000199998
B,6,ARG,NE,B,35,THR,OG1,0.0059999400005999945
B,5,ASN,ND2,B,3,GLN,NE2,0.006999930000699994
B,5,ASN,ND2,B,3,GLN,OE1,0.014999850001499985
B,41,THR,OG1,B,35,THR,OG1,0.013999860001399987
B,137,HIS,NE2,B,84,GLU,OE1,0.000999990000099999
B,137,HIS,NE2,B,84,GLU,OE2,0.001999980000199998
B,6,ARG,NH2,B,35,THR,OG1,0.011999880001199989
B,3,GLN,NE2,B,135,ASN,OD1,0.011999880001199989
B,4,SER,OG,B,36,GLU,OE2,0.001999980000199998
B,69,THR,OG1,B,19,GLN,OE1,0.000999990000099999
B,63,ARG,NH1,B,56,GLU,OE1,0.000999990000099999
B,129,TRP,NE1,B,137,HIS,NE2,0.000999990000099999
B,135,ASN,ND2,B,2,SER,OG,0.34999650003499966
B,47,LYS,NZ,B,41,THR,OG1,0.18899811001889982
B,25,SER,OG,B,36,GLU,OE1,0.016999830001699984
B,25,SER,OG,B,36,GLU,OE2,0.007999920000799993
B,20,LYS,NZ,B,70,SER,OG,0.000999990000099999
B,28,SER,OG,B,120,GLN,NE2,0.000999990000099999
B,47,LYS,NZ,B,41,THR,OG1,0.16099839001609983
B,34,ARG,NH1,B,39,GLU,OE1,0.0909990900090999
B,34,ARG,NH1,B,39,GLU,OE2,0.07599924000759993
B,71,GLN,NE2,B,73,HIS,NE2,0.001999980000199998
B,48,GLN,NE2,B,36,GLU,OE1,0.08099919000809992
B,48,GLN,NE2,B,36,GLU,OE2,0.06399936000639994
B,2,SER,OG,B,135,ASN,OD1,0.11299887001129988
B,41,THR,OG1,B,4,SER,OG,0.27399726002739977
B,4,SER,OG,B,42,GLU,OE2,0.7699923000769993
B,4,SER,OG,B,42,GLU,OE1,0.6839931600683994
A,615,ARG,NH2,A,608,THR,OG1,0.000999990000099999
B,16,LYS,NZ,B,69,THR,OG1,0.001999980000199998
B,16,LYS,NZ,B,69,THR,OG1,0.0049999500004999945
B,16,LYS,NZ,B,69,THR,OG1,0.003999960000399996
B,6,ARG,NH1,B,124,SER,OG,0.001999980000199998
B,135,ASN,ND2,B,3,GLN,OE1,0.0029999700002999972
B,135,ASN,ND2,B,3,GLN,NE2,0.001999980000199998
B,148,TRP,NE1,B,43,SER,OG,0.001999980000199998
B,51,ARG,NH2,B,36,GLU,OE1,0.015999840001599985
B,51,ARG,NH1,B,36,GLU,OE1,0.09299907000929991
B,51,ARG,NH1,B,36,GLU,OE2,0.039999600003999956
B,92,ARG,NE,B,88,ASN,OD1,0.009999900000999989
A,611,ASN,ND2,B,73,HIS,NE2,0.00899991000089999
B,73,HIS,NE2,A,611,ASN,OD1,0.001999980000199998
A,611,ASN,ND2,B,73,HIS,ND1,0.09699903000969991
B,125,ARG,NH1,B,81,GLN,OE1,0.009999900000999989
A,617,LYS,NZ,A,621,ASP,OD2,0.9459905400945992
B,34,ARG,NH2,B,33,ASN,OD1,0.000999990000099999
B,18,SER,OG,B,33,ASN,OD1,0.03599964000359996
B,33,ASN,ND2,B,18,SER,OG,0.00899991000089999
B,34,ARG,NH1,B,35,THR,OG1,0.000999990000099999
B,4,SER,OG,B,41,THR,OG1,0.41199588004119964
B,51,ARG,NH2,B,35,THR,OG1,0.0029999700002999972
B,33,ASN,ND2,B,18,SER,OG,0.001999980000199998
B,14,SER,OG,B,35,THR,OG1,0.0029999700002999972
B,35,THR,OG1,B,11,ASP,OD1,0.000999990000099999
B,47,LYS,NZ,B,41,THR,OG1,0.28099719002809975
B,22,TYR,OH,B,113,GLU,OE2,0.000999990000099999
B,82,SER,OG,A,610,GLU,OE1,0.1979980200197998
B,6,ARG,NH2,B,36,GLU,OE2,0.0029999700002999972
B,34,ARG,NH2,B,28,SER,OG,0.000999990000099999
B,6,ARG,NH2,B,3,GLN,OE1,0.12799872001279988
B,47,LYS,NZ,B,36,GLU,OE2,0.06499935000649994
B,6,ARG,NE,B,3,GLN,OE1,0.9869901300986991
B,6,ARG,NE,B,3,GLN,NE2,0.36599634003659964
B,6,ARG,NH1,B,3,GLN,NE2,0.04099959000409996
B,6,ARG,NH1,B,3,GLN,OE1,1.1429885701142988
B,4,SER,OG,B,5,ASN,OD1,0.22599774002259976
B,6,ARG,NH2,B,3,GLN,NE2,0.4699953000469995
B,6,ARG,NH1,B,3,GLN,NE2,0.26399736002639973
B,148,TRP,NE1,B,4,SER,OG,0.006999930000699994
B,2,SER,OG,B,1,MET,SD,0.0059999400005999945
B,82,SER,OG,B,81,GLN,NE2,0.001999980000199998
B,6,ARG,NH2,B,143,GLN,NE2,0.001999980000199998
B,92,ARG,NH2,B,85,GLN,OE1,0.003999960000399996
B,34,ARG,NH2,B,48,GLN,OE1,0.006999930000699994
B,34,ARG,NE,B,14,SER,OG,0.07899921000789992
B,47,LYS,NZ,B,36,GLU,OE1,0.022999770002299975
B,47,LYS,NZ,B,36,GLU,OE1,0.0029999700002999972
B,51,ARG,NH1,B,39,GLU,OE2,0.000999990000099999
B,48,GLN,NE2,B,39,GLU,OE1,0.010999890001099988
B,6,ARG,NH2,B,139,GLU,OE1,5.770942290577094
B,14,SER,OG,B,36,GLU,OE1,0.0029999700002999972
B,78,THR,OG1,A,610,GLU,OE2,0.0029999700002999972
B,6,ARG,NH2,B,2,SER,OG,0.0919990800091999
B,6,ARG,NE,B,2,SER,OG,0.07099929000709992
B,5,ASN,ND2,B,143,GLN,OE1,0.0029999700002999972
B,5,ASN,ND2,B,143,GLN,NE2,0.011999880001199989
B,26,GLN,NE2,B,116,ASP,OD1,0.003999960000399996
B,6,ARG,NH2,B,1,MET,SD,0.0029999700002999972
B,51,ARG,NH1,B,55,ASP,OD2,8.637913620863792
B,51,ARG,NH1,B,55,ASP,OD1,5.7719422805771945
B,99,ARG,NH1,B,96,ASN,OD1,0.07799922000779992
B,15,TYR,OH,B,48,GLN,OE1,0.03699963000369996
B,15,TYR,OH,B,48,GLN,NE2,0.08299917000829991
B,99,ARG,NH1,B,96,ASN,OD1,0.02899971000289997
B,99,ARG,NH2,B,96,ASN,OD1,0.0059999400005999945
B,51,ARG,NH1,B,19,GLN,NE2,0.15099849001509985
B,145,ASN,ND2,B,144,GLU,OE2,0.000999990000099999
B,6,ARG,NH1,B,2,SER,OG,0.0989990100098999
B,99,ARG,NH2,A,624,ASP,OD2,0.0029999700002999972
B,15,TYR,OH,B,11,ASP,OD2,0.07899921000789992
B,15,TYR,OH,B,44,GLU,OE1,2.800971990280097
B,48,GLN,NE2,B,15,TYR,OH,0.4849951500484995
B,15,TYR,OH,B,44,GLU,OE2,2.844971550284497
B,6,ARG,NH2,B,2,SER,OG,0.2029979700202998
B,135,ASN,ND2,B,2,SER,OG,0.05299947000529995
B,15,TYR,OH,B,11,ASP,OD1,0.0979990200097999
B,34,ARG,NH2,B,15,TYR,OH,0.006999930000699994
B,34,ARG,NH2,B,15,TYR,OH,0.007999920000799993
B,96,ASN,ND2,A,624,ASP,OD1,0.22999770002299977
B,96,ASN,ND2,A,624,ASP,OD2,0.22599774002259976
B,6,ARG,NH1,B,2,SER,OG,0.04199958000419996
B,3,GLN,NE2,B,4,SER,OG,0.007999920000799993
B,47,LYS,NZ,B,15,TYR,OH,0.024999750002499977
B,15,TYR,OH,B,36,GLU,OE2,0.0049999500004999945
B,51,ARG,NH1,B,19,GLN,OE1,0.0029999700002999972
B,34,ARG,NH1,B,15,TYR,OH,0.018999810001899983
B,34,ARG,NH1,B,15,TYR,OH,0.5699943000569995
B,24,TRP,NE1,B,14,SER,OG,0.003999960000399996
B,47,LYS,NZ,B,15,TYR,OH,0.12799872001279988
B,20,LYS,NZ,B,55,ASP,OD1,0.000999990000099999
B,99,ARG,NH1,A,624,ASP,OD2,0.001999980000199998
B,51,ARG,NH1,B,52,GLU,OE1,0.056999430005699944
B,47,LYS,NZ,B,15,TYR,OH,0.032999670003299966
B,88,ASN,ND2,B,89,GLU,OE2,0.001999980000199998
B,3,GLN,NE2,B,32,GLU,OE1,0.24399756002439973
B,3,GLN,NE2,B,32,GLU,OE2,0.2949970500294997
B,34,ARG,NE,B,3,GLN,NE2,0.047999520004799956
B,3,GLN,NE2,B,32,GLU,OE2,0.021999780002199976
B,35,THR,OG1,B,25,SER,OG,0.000999990000099999
B,135,ASN,ND2,B,132,THR,OG1,0.000999990000099999
B,34,ARG,NE,B,4,SER,OG,0.03199968000319997
B,51,ARG,NH1,B,52,GLU,OE2,0.02999970000299997
B,33,ASN,ND2,B,43,SER,OG,0.001999980000199998
B,34,ARG,NH1,B,33,ASN,OD1,0.000999990000099999
B,24,TRP,NE1,B,111,CYS,SG,0.003999960000399996
B,92,ARG,NH1,B,85,GLN,NE2,0.000999990000099999
B,92,ARG,NH1,B,133,TYR,OH,0.001999980000199998
A,617,LYS,NZ,A,613,SER,OG,0.05999940000599994
A,617,LYS,NZ,A,613,SER,OG,0.06299937000629993
B,3,GLN,NE2,B,31,GLU,OE1,0.006999930000699994
B,33,ASN,ND2,B,3,GLN,NE2,0.0949990500094999
B,33,ASN,ND2,B,3,GLN,OE1,0.04199958000419996
B,3,GLN,NE2,B,31,GLU,OE2,0.007999920000799993
B,3,GLN,NE2,B,31,GLU,OE1,0.0049999500004999945
B,3,GLN,NE2,B,31,GLU,OE2,0.003999960000399996
A,611,ASN,ND2,B,73,HIS,NE2,0.001999980000199998
B,43,SER,OG,B,149,ASP,OD2,0.0049999500004999945
B,6,ARG,NH2,B,136,ASP,OD2,0.000999990000099999
B,6,ARG,NE,B,36,GLU,OE1,0.0029999700002999972
B,6,ARG,NE,B,36,GLU,OE2,0.0049999500004999945
B,6,ARG,NH2,B,36,GLU,OE1,0.000999990000099999
B,6,ARG,NH1,B,36,GLU,OE1,0.010999890001099988
B,6,ARG,NH1,B,36,GLU,OE2,0.012999870001299986
B,6,ARG,NH2,B,36,GLU,OE2,0.001999980000199998
B,6,ARG,NH1,B,36,GLU,OE1,0.000999990000099999
B,43,SER,OG,B,149,ASP,OD1,0.007999920000799993
B,125,ARG,NH2,B,84,GLU,OE1,0.003999960000399996
B,125,ARG,NH2,B,84,GLU,OE2,0.0029999700002999972
B,125,ARG,NH1,B,84,GLU,OE1,0.001999980000199998
B,125,ARG,NH1,B,84,GLU,OE2,0.001999980000199998
B,4,SER,OG,B,44,GLU,OE1,0.0029999700002999972
B,43,SER,OG,B,48,GLN,OE1,0.16899831001689983
B,48,GLN,NE2,B,43,SER,OG,0.1019989800101999
B,43,SER,OG,B,48,GLN,NE2,0.07699923000769993
B,48,GLN,NE2,B,43,SER,OG,0.3079969200307997
B,15,TYR,OH,B,58,GLU,OE2,0.000999990000099999
B,51,ARG,NH1,B,43,SER,OG,0.011999880001199989
B,4,SER,OG,B,44,GLU,OE2,0.000999990000099999
B,51,ARG,NH2,B,43,SER,OG,0.001999980000199998
B,51,ARG,NH2,B,42,GLU,OE2,0.0059999400005999945
B,51,ARG,NH1,B,42,GLU,OE1,0.02099979000209998
B,51,ARG,NH2,B,42,GLU,OE1,0.023999760002399978
B,51,ARG,NH1,B,42,GLU,OE2,0.001999980000199998
B,51,ARG,NH1,B,43,SER,OG,0.0029999700002999972
B,33,ASN,ND2,B,3,GLN,NE2,0.006999930000699994
B,33,ASN,ND2,B,41,THR,OG1,0.009999900000999989
B,6,ARG,NH2,B,36,GLU,OE1,0.000999990000099999
B,63,ARG,NH1,B,67,ASP,OD1,0.000999990000099999
B,135,ASN,ND2,B,3,GLN,NE2,0.000999990000099999
