B,2,SER,OG,B,5,ASN,OD1,3.1779682203177972
B,3,GLN,NE2,B,43,SER,OG,3.2689673103268966
B,3,GLN,NE2,B,39,GLU,OE1,0.016999830001699984
B,5,ASN,ND2,B,135,ASN,OD1,22.299777002229977
B,5,ASN,ND2,B,139,GLU,OE2,12.655873441265586
B,15,TYR,OH,B,19,GLN,NE2,3.660963390366096
B,16,LYS,NZ,B,58,GLU,OE2,26.68273317266827
B,16,LYS,NZ,B,19,GLN,OE1,24.005759942400577
B,16,LYS,NZ,B,19,GLN,NE2,17.113828861711383
B,22,TYR,OH,B,116,ASP,OD2,21.11778882211178
B,34,ARG,NE,B,36,GLU,OE1,3.615963840361596
B,34,ARG,NH1,B,7,GLU,OE1,1.1759882401175987
B,34,ARG,NH1,B,7,GLU,OE2,1.2439875601243988
B,34,ARG,NH2,B,36,GLU,OE1,4.050959490405096
B,34,ARG,NH2,B,7,GLU,OE1,1.073989260107399
B,34,ARG,NH2,B,7,GLU,OE2,1.0169898301016989
B,41,THR,OG1,B,39,GLU,OE2,11.792882071179287
B,47,LYS,NZ,B,36,GLU,OE1,0.5479945200547995
B,47,LYS,NZ,B,36,GLU,OE2,0.5479945200547995
B,47,LYS,NZ,B,11,ASP,OD1,8.942910570894291
B,47,LYS,NZ,B,11,ASP,OD2,8.073919260807392
B,51,ARG,NH2,B,48,GLN,NE2,0.05799942000579994
B,60,ARG,NH1,B,56,GLU,OE2,4.391956080439196
B,61,TYR,OH,B,71,GLN,OE1,88.44511554884451
B,61,TYR,OH,B,71,GLN,NE2,44.155558444415554
B,62,ARG,NE,B,67,ASP,OD1,61.401385986140134
B,62,ARG,NE,B,67,ASP,OD2,59.35440645593544
B,62,ARG,NH2,B,67,ASP,OD1,55.52844471555285
B,62,ARG,NH2,B,67,ASP,OD2,53.43946560534395
B,78,THR,OG1,B,75,THR,OG1,20.29079709202908
B,81,GLN,NE2,B,84,GLU,OE1,0.3759962400375996
B,81,GLN,NE2,B,84,GLU,OE2,0.36599634003659964
B,92,ARG,NE,B,93,ASP,OD1,1.5389846101538984
B,92,ARG,NE,B,93,ASP,OD2,1.6559834401655982
B,92,ARG,NH1,B,89,GLU,OE1,5.192948070519295
B,92,ARG,NH2,B,93,ASP,OD1,1.9959800401995982
B,92,ARG,NH2,B,93,ASP,OD2,1.927980720192798
B,92,ARG,NH2,B,89,GLU,OE1,5.040949590504095
B,92,ARG,NH2,B,89,GLU,OE2,4.817951820481795
B,117,LYS,NZ,B,113,GLU,OE1,24.852751472485274
B,117,LYS,NZ,B,113,GLU,OE2,24.554754452455477
B,148,TRP,NE1,B,5,ASN,OD1,77.71322286777132
B,3,GLN,NE2,B,39,GLU,OE2,0.014999850001499985
B,16,LYS,NZ,B,58,GLU,OE1,27.04472955270447
B,19,GLN,NE2,B,55,ASP,OD2,71.46228537714623
B,34,ARG,NE,B,36,GLU,OE2,3.370966290337097
B,34,ARG,NH2,B,36,GLU,OE2,3.8529614703852957
B,41,THR,OG1,B,3,GLN,NE2,0.060999390006099934
B,62,ARG,NH2,B,58,GLU,OE1,14.157858421415787
B,117,LYS,NZ,B,113,GLU,OE1,25.525744742552575
B,117,LYS,NZ,B,113,GLU,OE2,25.518744812551873
B,62,ARG,NH2,B,58,GLU,OE2,2.2539774602253977
B,2,SER,OG,B,139,GLU,OE2,0.07299927000729993
B,5,ASN,ND2,B,139,GLU,OE1,12.676873231267688
B,92,ARG,NH1,B,89,GLU,OE2,4.646953530464695
B,125,ARG,NH1,B,80,TYR,OH,2.5589744102558973
B,2,SER,OG,B,139,GLU,OE1,0.05899941000589994
B,22,TYR,OH,B,116,ASP,OD1,25.963740362596372
B,48,GLN,NE2,B,52,GLU,OE2,0.023999760002399978
B,62,ARG,NH1,B,58,GLU,OE1,5.435945640543594
B,62,ARG,NH2,B,58,GLU,OE2,15.560844391556083
B,117,LYS,NZ,B,113,GLU,OE1,25.674743252567474
B,145,ASN,ND2,B,144,GLU,OE1,0.42699573004269953
B,16,LYS,NZ,B,55,ASP,OD2,13.107868921310786
B,19,GLN,NE2,B,58,GLU,OE1,1.5039849601503985
B,88,ASN,ND2,B,84,GLU,OE2,0.9329906700932991
B,117,LYS,NZ,B,113,GLU,OE2,24.885751142488573
B,124,SER,OG,B,28,SER,OG,1.1699883001169988
B,15,TYR,OH,B,55,ASP,OD1,60.72539274607254
B,15,TYR,OH,B,55,ASP,OD2,60.30839691603084
B,25,SER,OG,B,33,ASN,OD1,0.6179938200617994
B,70,SER,OG,B,66,SER,OG,1.117988820111799
B,41,THR,OG1,B,43,SER,OG,7.391926080739193
B,43,SER,OG,B,41,THR,OG1,0.31299687003129967
B,48,GLN,NE2,B,52,GLU,OE1,0.36499635003649966
B,85,GLN,NE2,B,81,GLN,NE2,0.5339946600533995
B,51,ARG,NH2,B,15,TYR,OH,0.01799982000179998
B,41,THR,OG1,B,39,GLU,OE1,11.02888971110289
B,19,GLN,NE2,B,15,TYR,OH,11.940880591194087
B,88,ASN,ND2,B,84,GLU,OE1,0.963990360096399
B,28,SER,OG,B,29,ASP,OD1,0.021999780002199976
B,28,SER,OG,B,29,ASP,OD2,0.021999780002199976
B,97,TRP,NE1,B,145,ASN,OD1,14.644853551464484
B,51,ARG,NE,B,55,ASP,OD1,0.001999980000199998
B,51,ARG,NE,B,15,TYR,OH,0.032999670003299966
B,60,ARG,NH1,B,56,GLU,OE1,4.842951570484296
B,71,GLN,NE2,B,61,TYR,OH,0.5579944200557995
B,43,SER,OG,B,3,GLN,OE1,2.124978750212498
B,43,SER,OG,B,3,GLN,NE2,0.7589924100758992
B,33,ASN,ND2,B,23,SER,OG,0.30099699003009966
B,33,ASN,ND2,B,25,SER,OG,0.44099559004409955
B,6,ARG,NH1,B,7,GLU,OE2,0.19099809001909981
B,19,GLN,NE2,B,15,TYR,OH,2.6999730002699973
B,34,ARG,NH1,B,32,GLU,OE1,1.5229847701522985
B,3,GLN,NE2,B,41,THR,OG1,0.1899981000189998
B,19,GLN,NE2,B,58,GLU,OE2,1.5719842801571984
B,85,GLN,NE2,B,81,GLN,OE1,1.4369856301436985
B,3,GLN,NE2,B,42,GLU,OE1,1.7389826101738983
B,34,ARG,NH1,B,32,GLU,OE2,1.6729832701672984
B,3,GLN,NE2,B,42,GLU,OE2,1.8039819601803981
B,4,SER,OG,B,7,GLU,OE2,7.096929030709694
B,28,SER,OG,B,124,SER,OG,0.8499915000849992
B,124,SER,OG,B,29,ASP,OD1,9.42290577094229
B,75,THR,OG1,B,78,THR,OG1,13.153868461315387
B,24,TRP,NE1,B,124,SER,OG,2.3649763502364975
B,70,SER,OG,B,67,ASP,OD2,6.628933710662893
B,19,GLN,NE2,B,55,ASP,OD1,70.97229027709723
B,43,SER,OG,B,2,SER,OG,1.9689803101968981
B,133,TYR,OH,B,137,HIS,ND1,0.890991090089099
B,51,ARG,NE,B,55,ASP,OD2,0.001999980000199998
B,16,LYS,NZ,B,55,ASP,OD1,13.773862261377387
B,47,LYS,NZ,B,11,ASP,OD1,8.087919120808792
B,47,LYS,NZ,B,11,ASP,OD2,7.8839211607883914
B,47,LYS,NZ,B,36,GLU,OE1,0.4129958700412996
B,47,LYS,NZ,B,36,GLU,OE2,0.3609963900360997
B,124,SER,OG,B,29,ASP,OD2,9.343906560934391
B,48,GLN,NE2,B,52,GLU,OE2,0.2959970400295997
B,143,GLN,NE2,B,1,MET,SD,0.5199948000519995
B,51,ARG,NE,B,48,GLN,OE1,0.0889991100088999
B,51,ARG,NE,B,48,GLN,NE2,0.03699963000369996
B,133,TYR,OH,B,137,HIS,NE2,0.4249957500424996
B,85,GLN,NE2,B,81,GLN,OE1,1.3019869801301986
B,20,LYS,NZ,B,58,GLU,OE1,8.523914760852392
B,20,LYS,NZ,B,58,GLU,OE2,8.40191598084019
B,51,ARG,NH1,B,11,ASP,OD1,0.3929960700392996
B,81,GLN,NE2,B,85,GLN,NE2,2.834971650283497
B,24,TRP,NE1,B,28,SER,OG,7.585924140758592
B,148,TRP,NE1,B,2,SER,OG,0.3809961900380996
B,4,SER,OG,B,7,GLU,OE1,8.604913950860492
B,16,LYS,NZ,B,55,ASP,OD1,12.688873111268887
B,62,ARG,NH2,B,58,GLU,OE1,2.1629783702162975
B,99,ARG,NH1,B,93,ASP,OD1,85.56514434855652
B,23,SER,OG,B,25,SER,OG,4.131958680413196
B,69,THR,OG1,B,67,ASP,OD2,4.567954320456796
B,20,LYS,NZ,B,69,THR,OG1,0.4849951500484995
B,34,ARG,NE,B,11,ASP,OD2,0.6779932200677993
B,16,LYS,NZ,B,19,GLN,OE1,21.19878801211988
B,16,LYS,NZ,B,19,GLN,NE2,14.781852181478186
B,16,LYS,NZ,B,58,GLU,OE2,24.603753962460377
B,20,LYS,NZ,B,58,GLU,OE1,9.73090269097309
B,34,ARG,NH2,B,39,GLU,OE1,0.19999800001999982
B,69,THR,OG1,B,67,ASP,OD1,4.596954030459695
B,16,LYS,NZ,B,58,GLU,OE1,25.065749342506578
B,6,ARG,NH1,B,32,GLU,OE1,0.051999480005199945
B,6,ARG,NH1,B,32,GLU,OE2,0.05099949000509995
B,6,ARG,NH2,B,32,GLU,OE1,0.03699963000369996
B,6,ARG,NH2,B,32,GLU,OE2,0.03399966000339997
B,117,LYS,NZ,B,116,ASP,OD1,9.79290207097929
B,145,ASN,ND2,B,144,GLU,OE2,0.46899531004689954
B,16,LYS,NZ,B,55,ASP,OD1,12.767872321276789
B,16,LYS,NZ,B,55,ASP,OD2,13.425865741342585
B,133,TYR,OH,B,88,ASN,OD1,52.34647653523464
B,51,ARG,NH1,B,11,ASP,OD2,0.5609943900560995
B,125,ARG,NE,B,124,SER,OG,0.5609943900560995
B,20,LYS,NZ,B,58,GLU,OE2,8.750912490875091
B,34,ARG,NH1,B,7,GLU,OE2,0.44199558004419953
B,34,ARG,NH1,B,39,GLU,OE2,0.896991030089699
B,34,ARG,NH2,B,39,GLU,OE2,0.6279937200627994
B,125,ARG,NH2,B,124,SER,OG,0.3029969700302997
B,6,ARG,NH1,B,7,GLU,OE1,0.12799872001279988
B,117,LYS,NZ,B,116,ASP,OD1,10.20089799102009
B,62,ARG,NH1,B,58,GLU,OE2,5.913940860591394
B,34,ARG,NH1,B,39,GLU,OE1,0.9649903500964989
B,34,ARG,NH2,B,39,GLU,OE1,0.6779932200677993
B,24,TRP,NE1,B,111,CYS,SG,0.9079909200907991
B,51,ARG,NH1,B,11,ASP,OD1,1.6039839601603985
B,125,ARG,NE,B,80,TYR,OH,1.7679823201767981
B,125,ARG,NH1,B,124,SER,OG,0.5409945900540994
B,125,ARG,NH2,B,80,TYR,OH,0.8469915300846991
B,71,GLN,NE2,B,66,SER,OG,0.10399896001039989
B,33,ASN,ND2,B,32,GLU,OE2,1.3279867201327986
B,51,ARG,NH2,B,48,GLN,OE1,0.17999820001799982
B,66,SER,OG,B,70,SER,OG,0.24799752002479974
B,5,ASN,ND2,B,139,GLU,OE1,35.76464235357646
B,135,ASN,ND2,B,139,GLU,OE1,26.37973620263797
B,20,LYS,NZ,B,58,GLU,OE1,8.734912650873492
B,20,LYS,NZ,B,19,GLN,OE1,0.47199528004719954
B,43,SER,OG,B,39,GLU,OE2,0.10399896001039989
B,135,ASN,ND2,B,139,GLU,OE2,26.276737232627674
B,99,ARG,NH2,B,93,ASP,OD1,71.03228967710324
B,5,ASN,ND2,B,1,MET,SD,15.824841751582483
B,3,GLN,NE2,B,39,GLU,OE2,0.0029999700002999972
B,5,ASN,ND2,B,139,GLU,OE2,37.973620263797365
B,47,LYS,NZ,B,11,ASP,OD1,7.438925610743892
B,41,THR,OG1,B,3,GLN,OE1,0.061999380006199936
B,20,LYS,NZ,B,58,GLU,OE2,9.62390376096239
B,3,GLN,NE2,B,43,SER,OG,12.745872541274586
B,33,ASN,ND2,B,25,SER,OG,0.3549964500354997
B,16,LYS,NZ,B,58,GLU,OE1,25.245747542524576
B,16,LYS,NZ,B,58,GLU,OE2,24.921750782492175
B,16,LYS,NZ,B,19,GLN,NE2,14.981850181498185
B,51,ARG,NH2,B,48,GLN,OE1,0.037999620003799965
B,16,LYS,NZ,B,19,GLN,OE1,21.412785872141278
B,16,LYS,NZ,B,55,ASP,OD2,13.491865081349186
B,20,LYS,NZ,B,67,ASP,OD1,0.061999380006199936
B,129,TRP,NE1,B,80,TYR,OH,0.16999830001699984
B,143,GLN,NE2,B,1,MET,SD,0.5259947400525994
B,20,LYS,NZ,B,67,ASP,OD2,0.05599944000559995
B,20,LYS,NZ,B,19,GLN,OE1,0.4899951000489995
B,51,ARG,NH2,B,44,GLU,OE2,0.14999850001499984
B,47,LYS,NZ,B,36,GLU,OE1,0.41699583004169954
B,117,LYS,NZ,B,116,ASP,OD1,10.37089629103709
B,47,LYS,NZ,B,11,ASP,OD2,8.082919170808292
B,3,GLN,NE2,B,7,GLU,OE2,0.7939920600793993
B,34,ARG,NH2,B,11,ASP,OD2,1.2989870101298988
B,51,ARG,NH1,B,11,ASP,OD2,0.9619903800961991
B,20,LYS,NZ,B,116,ASP,OD1,3.8149618503814966
B,70,SER,OG,B,67,ASP,OD1,5.708942910570895
B,20,LYS,NZ,B,116,ASP,OD2,3.872961270387296
B,3,GLN,NE2,B,42,GLU,OE1,0.5599944000559994
B,3,GLN,NE2,B,42,GLU,OE2,0.5579944200557995
B,25,SER,OG,B,23,SER,OG,2.1379786202137976
B,125,ARG,NH1,B,80,TYR,OH,0.06899931000689993
B,71,GLN,NE2,B,70,SER,OG,1.6099839001609983
B,69,THR,OG1,B,113,GLU,OE2,2.216977830221698
B,23,SER,OG,B,33,ASN,OD1,0.12099879001209989
B,47,LYS,NZ,B,36,GLU,OE2,0.4239957600423996
B,69,THR,OG1,B,70,SER,OG,1.2019879801201987
B,51,ARG,NH1,B,36,GLU,OE1,16.389836101638984
B,51,ARG,NH1,B,36,GLU,OE2,16.435835641643585
B,51,ARG,NH2,B,36,GLU,OE1,16.441835581644185
B,117,LYS,NZ,B,116,ASP,OD2,11.876881231187689
B,51,ARG,NH2,B,36,GLU,OE2,16.605833941660585
B,34,ARG,NH1,B,7,GLU,OE1,0.45399546004539953
B,117,LYS,NZ,B,116,ASP,OD2,13.599864001359988
B,43,SER,OG,B,39,GLU,OE1,0.13299867001329987
B,34,ARG,NH2,B,44,GLU,OE2,0.8009919900800991
B,81,GLN,NE2,B,85,GLN,OE1,4.536954630453695
B,43,SER,OG,B,7,GLU,OE1,40.97359026409736
B,117,LYS,NZ,B,116,ASP,OD2,12.874871251287487
B,34,ARG,NH1,B,36,GLU,OE2,0.4179958200417996
B,34,ARG,NH1,B,36,GLU,OE1,0.4009959900400996
B,60,ARG,NH1,B,155,TYR,OH,2.4719752802471975
B,47,LYS,NZ,B,7,GLU,OE2,15.962840371596284
B,43,SER,OG,B,7,GLU,OE2,41.34658653413466
B,47,LYS,NZ,B,7,GLU,OE1,15.103848961510385
B,117,LYS,NZ,B,73,HIS,ND1,1.8069819301806982
B,47,LYS,NZ,B,43,SER,OG,1.1439885601143989
B,34,ARG,NH1,B,36,GLU,OE1,26.162738372616275
B,125,ARG,NH2,B,80,TYR,OH,0.03599964000359996
B,20,LYS,NZ,B,116,ASP,OD2,4.000959990400096
B,99,ARG,NE,B,96,ASN,OD1,0.24399756002439973
B,34,ARG,NH1,B,36,GLU,OE2,26.035739642603573
B,34,ARG,NH2,B,36,GLU,OE2,24.961750382496177
B,20,LYS,NZ,B,113,GLU,OE2,0.1789982100178998
B,48,GLN,NE2,B,44,GLU,OE1,1.1759882401175987
B,20,LYS,NZ,B,113,GLU,OE2,0.14599854001459986
B,26,GLN,NE2,B,31,GLU,OE2,0.003999960000399996
B,26,GLN,NE2,B,31,GLU,OE1,0.0049999500004999945
B,117,LYS,NZ,B,73,HIS,NE2,0.14499855001449985
B,143,GLN,NE2,B,139,GLU,OE2,3.199968000319997
B,20,LYS,NZ,B,116,ASP,OD1,3.832961670383296
B,20,LYS,NZ,B,116,ASP,OD2,3.8969610303896958
B,20,LYS,NZ,B,113,GLU,OE1,0.20199798002019978
B,97,TRP,NE1,B,150,THR,OG1,22.412775872241276
B,117,LYS,NZ,B,73,HIS,ND1,2.124978750212498
B,117,LYS,NZ,B,73,HIS,ND1,1.957980420195798
B,20,LYS,NZ,B,22,TYR,OH,0.08199918000819992
B,20,LYS,NZ,B,22,TYR,OH,0.0889991100088999
B,20,LYS,NZ,B,116,ASP,OD1,3.9019609803901965
B,26,GLN,NE2,B,31,GLU,OE1,0.00899991000089999
B,26,GLN,NE2,B,31,GLU,OE2,0.003999960000399996
B,20,LYS,NZ,B,113,GLU,OE1,0.18299817001829982
B,43,SER,OG,B,36,GLU,OE2,0.000999990000099999
B,3,GLN,NE2,B,7,GLU,OE1,0.8949910500894991
B,85,GLN,NE2,B,81,GLN,NE2,0.5449945500544995
B,14,SER,OG,B,11,ASP,OD2,2.7109728902710972
B,43,SER,OG,B,36,GLU,OE1,0.000999990000099999
B,20,LYS,NZ,B,113,GLU,OE1,0.1969980300196998
B,34,ARG,NE,B,7,GLU,OE1,0.30699693003069967
B,34,ARG,NH2,B,7,GLU,OE1,0.22999770002299977
B,34,ARG,NH2,B,7,GLU,OE2,0.2989970100298997
B,41,THR,OG1,B,44,GLU,OE2,0.7069929300706993
B,85,GLN,NE2,B,84,GLU,OE1,0.4609953900460996
B,16,LYS,NZ,B,15,TYR,OH,0.02099979000209998
B,34,ARG,NH2,B,3,GLN,NE2,0.000999990000099999
B,69,THR,OG1,B,113,GLU,OE1,2.050979490205098
B,51,ARG,NH1,B,48,GLN,NE2,1.5179848201517985
B,47,LYS,NZ,B,7,GLU,OE2,16.392836071639284
B,47,LYS,NZ,B,43,SER,OG,0.9419905800941991
B,155,TYR,OH,B,56,GLU,OE2,19.452805471945283
B,33,ASN,ND2,B,18,SER,OG,0.18599814001859982
B,155,TYR,OH,B,56,GLU,OE1,20.04879951200488
B,88,ASN,ND2,B,85,GLN,OE1,0.4009959900400996
B,69,THR,OG1,B,58,GLU,OE1,0.920990790092099
B,99,ARG,NH1,B,93,ASP,OD2,85.24614753852462
B,99,ARG,NH2,B,93,ASP,OD2,70.47629523704762
B,120,GLN,NE2,B,22,TYR,OH,0.7439925600743993
B,26,GLN,NE2,B,22,TYR,OH,0.1819981800181998
B,6,ARG,NH1,B,132,THR,OG1,4.434955650443496
B,47,LYS,NZ,B,7,GLU,OE1,15.001849981500184
B,60,ARG,NH1,B,155,TYR,OH,0.1959980400195998
B,47,LYS,NZ,B,7,GLU,OE2,16.291837081629186
B,51,ARG,NH1,B,48,GLN,OE1,0.15199848001519986
B,51,ARG,NH1,B,48,GLN,NE2,0.0909990900090999
B,150,THR,OG1,B,145,ASN,OD1,0.6109938900610994
B,92,ARG,NH1,B,89,GLU,OE1,21.49078509214908
B,92,ARG,NH1,B,89,GLU,OE2,21.495785042149578
B,143,GLN,NE2,B,139,GLU,OE2,1.2499875001249987
B,85,GLN,NE2,B,84,GLU,OE2,0.44599554004459957
B,47,LYS,NZ,B,7,GLU,OE1,17.277827221727783
B,143,GLN,NE2,B,139,GLU,OE1,1.1999880001199987
B,34,ARG,NE,B,39,GLU,OE2,0.1059989400105999
B,34,ARG,NH2,B,39,GLU,OE2,0.2089979100208998
B,47,LYS,NZ,B,35,THR,OG1,0.3029969700302997
B,88,ASN,ND2,B,133,TYR,OH,0.2039979600203998
B,34,ARG,NE,B,39,GLU,OE1,0.0989990100098999
B,35,THR,OG1,B,11,ASP,OD2,0.31999680003199965
B,105,SER,OG,B,58,GLU,OE2,0.4059959400405996
B,41,THR,OG1,B,44,GLU,OE1,1.053989460105399
B,33,ASN,ND2,B,36,GLU,OE2,0.025999740002599973
B,33,ASN,ND2,B,36,GLU,OE1,0.023999760002399978
B,35,THR,OG1,B,11,ASP,OD1,0.47599524004759947
B,47,LYS,NZ,B,44,GLU,OE1,5.273947260527394
B,47,LYS,NZ,B,43,SER,OG,0.6289937100628994
B,23,SER,OG,B,31,GLU,OE1,0.025999740002599973
B,23,SER,OG,B,31,GLU,OE2,0.027999720002799974
B,47,LYS,NZ,B,44,GLU,OE2,5.069949300506995
B,5,ASN,ND2,B,2,SER,OG,0.8839911600883991
B,33,ASN,ND2,B,36,GLU,OE2,0.026999730002699972
B,143,GLN,NE2,B,2,SER,OG,0.14799852001479985
B,141,TRP,NE1,B,145,ASN,OD1,0.007999920000799993
B,34,ARG,NE,B,7,GLU,OE2,0.2929970700292997
B,2,SER,OG,B,143,GLN,OE1,0.12899871001289986
B,47,LYS,NZ,B,35,THR,OG1,0.28099719002809975
B,47,LYS,NZ,B,35,THR,OG1,0.4079959200407996
B,143,GLN,NE2,B,139,GLU,OE1,3.5369646303536966
B,143,GLN,NE2,B,2,SER,OG,0.08599914000859991
B,143,GLN,NE2,B,144,GLU,OE2,0.053999460005399944
B,22,TYR,OH,B,120,GLN,OE1,0.3959960400395996
B,15,TYR,OH,B,19,GLN,OE1,0.0889991100088999
B,22,TYR,OH,B,120,GLN,NE2,0.10799892001079989
B,88,ASN,ND2,B,133,TYR,OH,0.22599774002259976
B,2,SER,OG,B,143,GLN,NE2,0.051999480005199945
B,34,ARG,NH2,B,4,SER,OG,0.0029999700002999972
B,120,GLN,NE2,B,22,TYR,OH,0.6509934900650993
B,105,SER,OG,B,58,GLU,OE1,0.3039969600303997
B,3,GLN,NE2,B,149,ASP,OD2,1.4489855101448985
B,43,SER,OG,B,42,GLU,OE1,0.4009959900400996
B,85,GLN,NE2,B,78,THR,OG1,0.000999990000099999
B,33,ASN,ND2,B,36,GLU,OE1,0.027999720002799974
B,47,LYS,NZ,B,44,GLU,OE1,5.464945350546495
B,34,ARG,NH2,B,4,SER,OG,0.003999960000399996
B,33,ASN,ND2,B,32,GLU,OE1,1.2079879201207988
B,33,ASN,ND2,B,32,GLU,OE2,0.8719912800871992
B,80,TYR,OH,B,119,MET,SD,0.014999850001499985
B,48,GLN,NE2,B,44,GLU,OE2,1.1509884901150989
B,47,LYS,NZ,B,39,GLU,OE1,8.270917290827091
B,47,LYS,NZ,B,39,GLU,OE1,10.40989590104099
B,47,LYS,NZ,B,39,GLU,OE2,10.40789592104079
B,47,LYS,NZ,B,39,GLU,OE1,10.24389756102439
B,16,LYS,NZ,B,15,TYR,OH,0.025999740002599973
B,47,LYS,NZ,B,39,GLU,OE2,8.406915930840691
B,150,THR,OG1,B,149,ASP,OD2,0.030999690003099968
B,148,TRP,NE1,B,3,GLN,NE2,1.6729832701672984
B,3,GLN,NE2,B,5,ASN,OD1,5.979940200597994
B,47,LYS,NZ,B,44,GLU,OE2,6.235937640623593
B,148,TRP,NE1,B,3,GLN,OE1,2.2719772802271976
B,35,THR,OG1,B,39,GLU,OE2,1.2409875901240988
B,6,ARG,NH2,B,28,SER,OG,0.09699903000969991
B,47,LYS,NZ,B,39,GLU,OE2,10.33589664103359
B,48,GLN,NE2,B,11,ASP,OD1,0.0029999700002999972
B,3,GLN,NE2,B,1,MET,SD,0.7969920300796992
B,35,THR,OG1,B,39,GLU,OE1,1.2209877901220987
B,3,GLN,NE2,B,139,GLU,OE2,0.4199958000419996
B,3,GLN,NE2,B,139,GLU,OE1,0.2939970600293997
B,81,GLN,NE2,B,85,GLN,OE1,0.41899581004189956
B,81,GLN,NE2,B,85,GLN,NE2,0.25099749002509975
B,47,LYS,NZ,B,44,GLU,OE2,5.195948040519595
B,48,GLN,NE2,B,44,GLU,OE2,0.38799612003879963
B,25,SER,OG,B,31,GLU,OE2,2.005979940200598
B,5,ASN,ND2,B,3,GLN,OE1,1.5589844101558983
B,25,SER,OG,B,31,GLU,OE1,1.7179828201717984
B,26,GLN,NE2,B,120,GLN,OE1,2.5389746102538977
B,34,ARG,NE,B,32,GLU,OE1,9.384906150938491
B,34,ARG,NE,B,32,GLU,OE2,9.53290467095329
B,34,ARG,NH2,B,32,GLU,OE1,9.82690173098269
B,34,ARG,NH2,B,32,GLU,OE2,9.69390306096939
B,20,LYS,NZ,B,22,TYR,OH,0.07099929000709992
B,47,LYS,NZ,B,44,GLU,OE1,7.293927060729392
B,14,SER,OG,B,11,ASP,OD1,2.028979710202898
B,92,ARG,NE,B,89,GLU,OE2,56.647433525664745
B,92,ARG,NH2,B,89,GLU,OE1,51.604483955160454
B,92,ARG,NH2,B,89,GLU,OE2,51.149488505114945
B,92,ARG,NE,B,89,GLU,OE1,56.54643453565464
B,120,GLN,NE2,B,26,GLN,NE2,7.424925750742492
B,34,ARG,NH2,B,31,GLU,OE2,1.914980850191498
B,34,ARG,NH2,B,31,GLU,OE1,1.7359826401735983
B,34,ARG,NH1,B,31,GLU,OE1,2.003979960200398
B,6,ARG,NE,B,4,SER,OG,2.5319746802531977
B,23,SER,OG,B,26,GLN,OE1,0.5589944100558994
B,148,TRP,NE1,B,1,MET,SD,0.3609963900360997
B,34,ARG,NH2,B,36,GLU,OE1,24.688753112468873
B,48,GLN,NE2,B,44,GLU,OE1,0.4229957700422996
B,3,GLN,NE2,B,1,MET,SD,0.6749932500674993
B,5,ASN,ND2,B,3,GLN,NE2,0.47099529004709956
B,6,ARG,NH1,B,124,SER,OG,0.05099949000509995
B,70,SER,OG,B,69,THR,OG1,0.0979990200097999
B,34,ARG,NH1,B,11,ASP,OD2,10.22289777102229
B,20,LYS,NZ,B,69,THR,OG1,0.3579964200357996
B,143,GLN,NE2,B,144,GLU,OE1,0.03599964000359996
B,85,GLN,NE2,B,84,GLU,OE1,0.3549964500354997
B,20,LYS,NZ,B,67,ASP,OD1,0.0919990800091999
B,62,ARG,NE,B,58,GLU,OE1,0.6559934400655993
B,6,ARG,NH2,B,132,THR,OG1,5.829941700582994
B,24,TRP,NE1,B,18,SER,OG,0.0049999500004999945
B,51,ARG,NH2,B,48,GLN,NE2,0.006999930000699994
B,20,LYS,NZ,B,69,THR,OG1,0.41899581004189956
B,16,LYS,NZ,B,15,TYR,OH,0.02099979000209998
B,81,GLN,NE2,B,84,GLU,OE2,1.905980940190598
B,81,GLN,NE2,B,84,GLU,OE1,1.855981440185598
B,3,GLN,NE2,B,5,ASN,OD1,2.4399756002439976
B,80,TYR,OH,B,84,GLU,OE2,11.540884591154088
B,135,ASN,ND2,B,136,ASP,OD1,1.8999810001899982
B,135,ASN,ND2,B,136,ASP,OD2,1.838981610183898
B,80,TYR,OH,B,84,GLU,OE1,11.083889161108388
B,88,ASN,ND2,B,84,GLU,OE2,2.944970550294497
B,148,TRP,NE1,B,139,GLU,OE1,0.010999890001099988
B,88,ASN,ND2,B,84,GLU,OE1,2.763972360276397
B,26,GLN,NE2,B,23,SER,OG,1.7129828701712984
B,6,ARG,NE,B,135,ASN,OD1,9.45190548094519
B,6,ARG,NH2,B,135,ASN,OD1,6.938930610693893
B,82,SER,OG,B,78,THR,OG1,9.72990270097299
B,6,ARG,NH1,B,4,SER,OG,1.2439875601243988
B,34,ARG,NH1,B,39,GLU,OE1,0.5939940600593994
B,2,SER,OG,B,42,GLU,OE2,5.638943610563894
B,41,THR,OG1,B,7,GLU,OE1,0.3139968600313997
B,43,SER,OG,B,44,GLU,OE1,0.8409915900840991
B,33,ASN,ND2,B,31,GLU,OE2,2.5349746502534973
B,6,ARG,NH2,B,4,SER,OG,0.7089929100708994
B,41,THR,OG1,B,7,GLU,OE2,0.44399556004439955
B,33,ASN,ND2,B,31,GLU,OE1,1.9019809801901981
B,6,ARG,NH1,B,135,ASN,OD1,23.899761002389976
B,6,ARG,NH2,B,139,GLU,OE2,1.4329856701432986
B,2,SER,OG,B,42,GLU,OE1,5.674943250567495
B,3,GLN,NE2,B,149,ASP,OD1,1.4849851501484985
B,6,ARG,NH2,B,139,GLU,OE1,1.3839861601383987
B,6,ARG,NH1,B,135,ASN,OD1,0.05599944000559995
B,6,ARG,NH2,B,135,ASN,OD1,0.047999520004799956
B,6,ARG,NH1,B,139,GLU,OE1,0.06799932000679994
B,6,ARG,NH1,B,139,GLU,OE2,0.07599924000759993
B,6,ARG,NH2,B,139,GLU,OE1,0.04599954000459995
B,6,ARG,NH2,B,139,GLU,OE2,0.05299947000529995
B,20,LYS,NZ,B,113,GLU,OE2,0.15399846001539985
B,117,LYS,NZ,B,119,MET,SD,0.001999980000199998
B,63,ARG,NH1,B,56,GLU,OE1,0.1089989100108999
B,43,SER,OG,B,44,GLU,OE2,0.6349936500634994
B,88,ASN,ND2,B,85,GLN,NE2,0.012999870001299986
B,88,ASN,ND2,B,85,GLN,OE1,0.026999730002699972
B,34,ARG,NH2,B,11,ASP,OD1,2.2809771902280978
B,6,ARG,NE,B,139,GLU,OE1,1.1919880801191989
B,6,ARG,NE,B,139,GLU,OE2,1.2449875501244987
B,51,ARG,NH2,B,44,GLU,OE1,0.13999860001399986
B,124,SER,OG,B,31,GLU,OE1,0.001999980000199998
B,51,ARG,NH1,B,48,GLN,OE1,7.237927620723792
B,63,ARG,NH1,B,56,GLU,OE2,0.10399896001039989
B,20,LYS,NZ,B,19,GLN,OE1,0.40699593004069956
B,62,ARG,NH1,B,67,ASP,OD1,2.943970560294397
B,62,ARG,NH1,B,67,ASP,OD2,3.192968070319297
B,51,ARG,NH2,B,14,SER,OG,0.08699913000869991
B,23,SER,OG,B,26,GLN,NE2,0.2049979500204998
B,19,GLN,NE2,B,18,SER,OG,0.027999720002799974
B,26,GLN,NE2,B,120,GLN,OE1,3.830961690383096
B,51,ARG,NH2,B,14,SER,OG,6.019939800601994
B,6,ARG,NH1,B,31,GLU,OE1,0.6249937500624994
B,141,TRP,NE1,B,144,GLU,OE2,0.032999670003299966
B,6,ARG,NH1,B,31,GLU,OE2,0.6219937800621994
B,6,ARG,NH2,B,31,GLU,OE1,0.6139938600613993
B,6,ARG,NH2,B,31,GLU,OE2,0.6139938600613993
B,117,LYS,NZ,B,119,MET,SD,0.0029999700002999972
B,135,ASN,ND2,B,4,SER,OG,1.2609873901260986
B,62,ARG,NH2,B,66,SER,OG,0.02899971000289997
B,117,LYS,NZ,B,119,MET,SD,0.001999980000199998
B,34,ARG,NH1,B,32,GLU,OE2,0.24899751002489975
B,34,ARG,NH1,B,32,GLU,OE1,0.2989970100298997
B,34,ARG,NH2,B,32,GLU,OE1,0.26599734002659975
B,34,ARG,NH2,B,32,GLU,OE2,0.22599774002259976
B,35,THR,OG1,B,32,GLU,OE1,0.06499935000649994
B,35,THR,OG1,B,32,GLU,OE2,0.06799932000679994
B,78,THR,OG1,B,82,SER,OG,2.1949780502194978
B,81,GLN,NE2,B,82,SER,OG,0.05899941000589994
B,62,ARG,NH1,B,58,GLU,OE1,0.26399736002639973
B,6,ARG,NH2,B,132,THR,OG1,0.12899871001289986
B,62,ARG,NH1,B,58,GLU,OE2,0.23499765002349976
B,125,ARG,NE,B,29,ASP,OD2,0.061999380006199936
B,18,SER,OG,B,14,SER,OG,3.359966400335997
B,51,ARG,NH1,B,15,TYR,OH,0.039999600003999956
B,143,GLN,NE2,B,3,GLN,OE1,0.6049939500604994
B,6,ARG,NE,B,31,GLU,OE1,0.12599874001259986
B,6,ARG,NH2,B,31,GLU,OE1,0.13599864001359988
B,6,ARG,NH2,B,31,GLU,OE2,0.15299847001529984
B,6,ARG,NE,B,32,GLU,OE2,0.015999840001599985
B,6,ARG,NH2,B,32,GLU,OE1,0.018999810001899983
B,6,ARG,NH2,B,32,GLU,OE2,0.021999780002199976
B,6,ARG,NE,B,32,GLU,OE1,0.007999920000799993
B,125,ARG,NH1,B,31,GLU,OE1,0.0059999400005999945
B,125,ARG,NH1,B,31,GLU,OE2,0.0049999500004999945
B,125,ARG,NH2,B,31,GLU,OE2,0.001999980000199998
B,125,ARG,NH1,B,29,ASP,OD2,0.0029999700002999972
B,34,ARG,NH1,B,4,SER,OG,0.000999990000099999
B,6,ARG,NE,B,31,GLU,OE2,0.1019989800101999
B,66,SER,OG,B,67,ASP,OD2,0.18899811001889982
B,5,ASN,ND2,B,143,GLN,OE1,1.5249847501524985
B,3,GLN,NE2,B,143,GLN,OE1,0.3099969000309997
B,3,GLN,NE2,B,143,GLN,OE1,0.3049969500304997
B,3,GLN,NE2,B,143,GLN,NE2,0.15099849001509985
B,51,ARG,NH2,B,11,ASP,OD1,58.02841971580284
B,51,ARG,NE,B,11,ASP,OD1,41.66258337416625
B,51,ARG,NH2,B,11,ASP,OD2,59.06440935590644
B,51,ARG,NE,B,11,ASP,OD2,38.63061369386306
B,19,GLN,NE2,B,55,ASP,OD2,0.07299927000729993
B,35,THR,OG1,B,36,GLU,OE1,0.053999460005399944
B,35,THR,OG1,B,36,GLU,OE2,0.03599964000359996
B,47,LYS,NZ,B,32,GLU,OE2,0.014999850001499985
B,47,LYS,NZ,B,32,GLU,OE1,0.006999930000699994
B,47,LYS,NZ,B,32,GLU,OE1,0.0059999400005999945
B,47,LYS,NZ,B,32,GLU,OE2,0.018999810001899983
B,47,LYS,NZ,B,32,GLU,OE1,0.023999760002399978
B,141,TRP,NE1,B,144,GLU,OE1,0.021999780002199976
B,85,GLN,NE2,B,89,GLU,OE1,0.007999920000799993
B,92,ARG,NH2,B,85,GLN,NE2,0.05299947000529995
B,137,HIS,NE2,B,88,ASN,OD1,0.010999890001099988
B,47,LYS,NZ,B,32,GLU,OE2,0.013999860001399987
B,3,GLN,NE2,B,7,GLU,OE1,3.844961550384496
B,82,SER,OG,B,81,GLN,OE1,0.04899951000489995
B,3,GLN,NE2,B,7,GLU,OE2,3.533964660353396
B,85,GLN,NE2,B,84,GLU,OE2,0.28499715002849973
B,120,GLN,NE2,B,118,GLU,OE2,0.5649943500564995
B,51,ARG,NH2,B,11,ASP,OD1,0.7729922700772992
B,26,GLN,NE2,B,25,SER,OG,0.5249947500524995
B,14,SER,OG,B,32,GLU,OE1,10.775892241077589
B,25,SER,OG,B,26,GLN,OE1,0.030999690003099968
B,120,GLN,NE2,B,118,GLU,OE1,0.5889941100588993
B,51,ARG,NH1,B,44,GLU,OE1,0.16299837001629983
B,120,GLN,NE2,B,118,GLU,OE1,1.120988790112099
B,120,GLN,NE2,B,118,GLU,OE2,1.184988150118499
B,6,ARG,NH1,B,31,GLU,OE1,0.011999880001199989
B,75,THR,OG1,B,73,HIS,ND1,0.26399736002639973
B,73,HIS,NE2,B,75,THR,OG1,2.6449735502644973
B,75,THR,OG1,B,73,HIS,NE2,0.1879981200187998
B,78,THR,OG1,B,81,GLN,OE1,0.8489915100848991
B,78,THR,OG1,B,81,GLN,NE2,0.24699753002469976
B,34,ARG,NE,B,44,GLU,OE1,0.5709942900570995
B,34,ARG,NH2,B,44,GLU,OE1,0.6719932800671994
B,82,SER,OG,B,75,THR,OG1,2.3529764702352978
B,75,THR,OG1,B,82,SER,OG,2.143978560214398
B,81,GLN,NE2,B,78,THR,OG1,0.5099949000509996
B,26,GLN,NE2,B,120,GLN,NE2,1.7069829301706985
B,125,ARG,NH1,B,124,SER,OG,0.02899971000289997
B,26,GLN,NE2,B,120,GLN,NE2,1.196988030119699
B,88,ASN,ND2,B,80,TYR,OH,0.0049999500004999945
B,47,LYS,NZ,B,41,THR,OG1,0.13699863001369988
B,47,LYS,NZ,B,41,THR,OG1,0.11899881001189987
B,47,LYS,NZ,B,41,THR,OG1,0.13899861001389985
B,2,SER,OG,B,149,ASP,OD2,0.024999750002499977
B,35,THR,OG1,B,25,SER,OG,0.003999960000399996
B,120,GLN,NE2,B,26,GLN,OE1,8.92091079089209
B,120,GLN,NE2,B,26,GLN,NE2,0.8439915600843992
B,6,ARG,NH1,B,29,ASP,OD1,0.4609953900460996
B,6,ARG,NH2,B,29,ASP,OD1,0.46199538004619956
B,6,ARG,NH2,B,29,ASP,OD2,0.45999540004599954
B,6,ARG,NH1,B,29,ASP,OD2,0.3959960400395996
B,48,GLN,NE2,B,52,GLU,OE1,0.010999890001099988
B,33,ASN,ND2,B,26,GLN,OE1,0.000999990000099999
B,137,HIS,NE2,B,136,ASP,OD2,0.16399836001639984
B,33,ASN,ND2,B,26,GLN,OE1,0.000999990000099999
B,6,ARG,NH1,B,31,GLU,OE2,0.010999890001099988
B,133,TYR,OH,B,84,GLU,OE2,0.0049999500004999945
B,133,TYR,OH,B,84,GLU,OE1,0.0049999500004999945
B,2,SER,OG,B,149,ASP,OD1,0.02999970000299997
B,25,SER,OG,B,26,GLN,NE2,0.0059999400005999945
B,34,ARG,NE,B,11,ASP,OD1,2.5489745102548973
B,34,ARG,NH2,B,48,GLN,OE1,0.5159948400515995
B,34,ARG,NH1,B,48,GLN,OE1,0.4819951800481995
B,34,ARG,NH2,B,44,GLU,OE2,1.957980420195798
B,34,ARG,NH1,B,44,GLU,OE1,1.1519884801151987
B,34,ARG,NH1,B,44,GLU,OE2,1.2979870201297987
B,35,THR,OG1,B,7,GLU,OE2,1.012989870101299
B,22,TYR,OH,B,118,GLU,OE1,0.010999890001099988
B,137,HIS,NE2,B,136,ASP,OD1,0.14399856001439984
B,35,THR,OG1,B,7,GLU,OE1,1.104988950110499
B,34,ARG,NH2,B,44,GLU,OE1,1.6449835501644983
B,6,ARG,NH2,B,124,SER,OG,0.3679963200367996
B,81,GLN,NE2,B,75,THR,OG1,0.001999980000199998
B,75,THR,OG1,B,81,GLN,OE1,0.1949980500194998
B,75,THR,OG1,B,81,GLN,NE2,0.02899971000289997
B,62,ARG,NH1,B,67,ASP,OD1,1.6549834501654985
B,62,ARG,NH1,B,67,ASP,OD2,1.7409825901740985
B,62,ARG,NH2,B,67,ASP,OD1,1.018989810101899
B,62,ARG,NH2,B,67,ASP,OD2,1.1739882601173988
B,34,ARG,NH1,B,48,GLN,NE2,0.007999920000799993
B,34,ARG,NH2,B,48,GLN,NE2,0.08299917000829991
B,6,ARG,NH2,B,124,SER,OG,0.24499755002449974
B,66,SER,OG,B,67,ASP,OD1,0.17099829001709985
B,62,ARG,NE,B,58,GLU,OE2,0.8689913100868991
B,120,GLN,NE2,B,26,GLN,OE1,5.034949650503496
B,85,GLN,NE2,B,82,SER,OG,0.06299937000629993
B,14,SER,OG,B,33,ASN,OD1,0.3149968500314997
B,33,ASN,ND2,B,14,SER,OG,0.09699903000969991
B,33,ASN,ND2,B,23,SER,OG,0.08399916000839992
B,6,ARG,NH2,B,28,SER,OG,0.024999750002499977
B,18,SER,OG,B,33,ASN,OD1,0.026999730002699972
B,47,LYS,NZ,B,3,GLN,OE1,1.3619863801361987
B,47,LYS,NZ,B,3,GLN,NE2,0.3729962700372996
B,92,ARG,NH1,B,93,ASP,OD2,0.07799922000779992
B,34,ARG,NH1,B,11,ASP,OD1,10.33789662103379
B,34,ARG,NH2,B,11,ASP,OD2,9.89090109098909
B,34,ARG,NE,B,44,GLU,OE2,0.5609943900560995
B,34,ARG,NH1,B,11,ASP,OD1,1.1539884601153987
B,34,ARG,NH1,B,11,ASP,OD2,0.3609963900360997
B,47,LYS,NZ,B,3,GLN,OE1,0.5829941700582995
B,35,THR,OG1,B,44,GLU,OE2,0.8019919800801992
B,35,THR,OG1,B,44,GLU,OE1,0.7139928600713993
B,34,ARG,NE,B,35,THR,OG1,0.011999880001199989
B,47,LYS,NZ,B,3,GLN,NE2,0.2189978100218998
B,41,THR,OG1,B,42,GLU,OE2,0.01799982000179998
B,41,THR,OG1,B,42,GLU,OE1,0.009999900000999989
B,33,ASN,ND2,B,14,SER,OG,0.03899961000389996
B,24,TRP,NE1,B,33,ASN,OD1,0.31299687003129967
B,47,LYS,NZ,B,3,GLN,NE2,0.4379956200437996
B,33,ASN,ND2,B,28,SER,OG,0.6459935400645994
B,28,SER,OG,B,33,ASN,OD1,1.5389846101538984
B,66,SER,OG,B,71,GLN,NE2,0.19199808001919982
B,47,LYS,NZ,B,3,GLN,OE1,0.7289927100728992
B,70,SER,OG,B,71,GLN,NE2,0.016999830001699984
B,48,GLN,NE2,B,39,GLU,OE1,0.18299817001829982
B,82,SER,OG,B,85,GLN,OE1,0.08599914000859991
B,143,GLN,NE2,B,144,GLU,OE2,0.024999750002499977
B,125,ARG,NH2,B,29,ASP,OD2,0.17399826001739982
B,14,SER,OG,B,18,SER,OG,0.04299957000429996
B,48,GLN,NE2,B,39,GLU,OE1,0.011999880001199989
B,34,ARG,NH2,B,11,ASP,OD1,10.08289917100829
B,135,ASN,ND2,B,132,THR,OG1,0.003999960000399996
B,34,ARG,NH1,B,14,SER,OG,0.48099519004809954
B,125,ARG,NH1,B,29,ASP,OD1,0.3749962500374996
B,125,ARG,NH2,B,29,ASP,OD1,0.1879981200187998
B,125,ARG,NH1,B,29,ASP,OD2,0.3209967900320997
B,71,GLN,NE2,B,66,SER,OG,1.0529894701052989
B,125,ARG,NH2,B,124,SER,OG,0.010999890001099988
B,150,THR,OG1,B,153,GLU,OE2,0.010999890001099988
B,150,THR,OG1,B,153,GLU,OE1,0.006999930000699994
B,92,ARG,NH1,B,133,TYR,OH,0.015999840001599985
B,145,ASN,ND2,B,150,THR,OG1,0.8449915500844991
B,5,ASN,ND2,B,143,GLN,NE2,0.5029949700502995
B,25,SER,OG,B,32,GLU,OE1,7.856921430785692
B,92,ARG,NH1,B,88,ASN,OD1,0.060999390006099934
B,25,SER,OG,B,32,GLU,OE2,7.515924840751592
B,124,SER,OG,B,33,ASN,OD1,0.0049999500004999945
B,62,ARG,NH1,B,66,SER,OG,0.10099899001009989
B,3,GLN,NE2,B,41,THR,OG1,0.02099979000209998
B,19,GLN,NE2,B,55,ASP,OD1,0.08299917000829991
B,78,THR,OG1,B,73,HIS,NE2,0.04299957000429996
B,71,GLN,NE2,B,67,ASP,OD1,0.003999960000399996
B,73,HIS,NE2,B,71,GLN,OE1,0.11699883001169988
B,33,ASN,ND2,B,124,SER,OG,0.0029999700002999972
B,73,HIS,NE2,B,71,GLN,NE2,0.05799942000579994
B,33,ASN,ND2,B,28,SER,OG,0.07299927000729993
B,117,LYS,NZ,B,73,HIS,NE2,0.13899861001389985
B,71,GLN,NE2,B,73,HIS,NE2,0.047999520004799956
B,71,GLN,NE2,B,70,SER,OG,0.959990400095999
B,71,GLN,NE2,B,61,TYR,OH,2.3829761702382974
B,51,ARG,NH2,B,11,ASP,OD2,0.8039919600803991
B,6,ARG,NE,B,7,GLU,OE1,0.15399846001539985
B,6,ARG,NH1,B,4,SER,OG,0.021999780002199976
B,14,SER,OG,B,32,GLU,OE2,10.62089379106209
B,26,GLN,NE2,B,22,TYR,OH,0.05499945000549994
B,22,TYR,OH,B,26,GLN,NE2,0.03599964000359996
B,34,ARG,NH2,B,18,SER,OG,0.3979960200397996
B,34,ARG,NH2,B,14,SER,OG,3.1989680103198967
B,34,ARG,NH2,B,18,SER,OG,0.037999620003799965
B,33,ASN,ND2,B,7,GLU,OE2,0.0939990600093999
B,33,ASN,ND2,B,7,GLU,OE1,0.09999900000999991
B,145,ASN,ND2,B,144,GLU,OE1,0.000999990000099999
B,43,SER,OG,B,35,THR,OG1,0.023999760002399978
B,34,ARG,NH1,B,14,SER,OG,0.2999970000299997
B,35,THR,OG1,B,43,SER,OG,0.037999620003799965
B,51,ARG,NH2,B,32,GLU,OE2,0.009999900000999989
B,48,GLN,NE2,B,39,GLU,OE2,0.16099839001609983
B,34,ARG,NH2,B,23,SER,OG,0.3619963800361996
B,34,ARG,NE,B,14,SER,OG,0.31299687003129967
B,23,SER,OG,B,32,GLU,OE1,1.5109848901510985
B,6,ARG,NH1,B,33,ASN,OD1,0.04599954000459995
B,6,ARG,NH2,B,33,ASN,OD1,0.022999770002299975
B,33,ASN,ND2,B,35,THR,OG1,0.07399926000739993
B,4,SER,OG,B,139,GLU,OE1,0.12899871001289986
B,4,SER,OG,B,139,GLU,OE2,0.12099879001209989
B,132,THR,OG1,B,80,TYR,OH,0.07399926000739993
B,135,ASN,ND2,B,4,SER,OG,1.3939860601393987
B,71,GLN,NE2,B,67,ASP,OD1,0.000999990000099999
B,34,ARG,NH2,B,14,SER,OG,0.3889961100388996
B,85,GLN,NE2,B,89,GLU,OE1,0.01799982000179998
B,3,GLN,NE2,B,143,GLN,NE2,0.15599844001559984
B,143,GLN,NE2,B,3,GLN,NE2,0.27299727002729973
B,34,ARG,NH2,B,25,SER,OG,0.3759962400375996
B,23,SER,OG,B,32,GLU,OE2,1.4859851401485986
B,34,ARG,NH2,B,23,SER,OG,0.12799872001279988
B,34,ARG,NH1,B,18,SER,OG,0.2129978700212998
B,23,SER,OG,B,18,SER,OG,0.03399966000339997
B,92,ARG,NH1,B,85,GLN,OE1,0.030999690003099968
B,92,ARG,NH2,B,85,GLN,OE1,0.07799922000779992
B,18,SER,OG,B,23,SER,OG,0.0049999500004999945
B,48,GLN,NE2,B,36,GLU,OE1,0.16199838001619984
B,34,ARG,NH2,B,25,SER,OG,0.5149948500514995
B,18,SER,OG,B,32,GLU,OE1,0.021999780002199976
B,33,ASN,ND2,B,31,GLU,OE2,1.930980690193098
B,4,SER,OG,B,1,MET,SD,0.001999980000199998
B,34,ARG,NH1,B,23,SER,OG,0.08499915000849992
B,92,ARG,NH2,B,88,ASN,OD1,0.06399936000639994
B,22,TYR,OH,B,118,GLU,OE2,0.030999690003099968
B,34,ARG,NH1,B,31,GLU,OE2,1.8219817801821983
B,6,ARG,NH2,B,7,GLU,OE2,0.03399966000339997
B,34,ARG,NH1,B,25,SER,OG,0.37899621003789963
B,47,LYS,NZ,B,33,ASN,OD1,0.009999900000999989
B,48,GLN,NE2,B,36,GLU,OE1,0.053999460005399944
B,6,ARG,NH2,B,7,GLU,OE1,0.12899871001289986
B,6,ARG,NH2,B,7,GLU,OE2,0.12799872001279988
B,48,GLN,NE2,B,36,GLU,OE2,0.04599954000459995
B,33,ASN,ND2,B,31,GLU,OE1,1.845981540184598
B,92,ARG,NH2,B,93,ASP,OD1,0.04199958000419996
B,34,ARG,NE,B,31,GLU,OE2,48.798512014879854
B,34,ARG,NH2,B,31,GLU,OE2,50.70049299507004
B,34,ARG,NH2,B,31,GLU,OE1,51.27548724512755
B,23,SER,OG,B,14,SER,OG,0.012999870001299986
B,92,ARG,NH2,B,93,ASP,OD2,0.032999670003299966
B,34,ARG,NE,B,31,GLU,OE1,48.644513554864446
B,34,ARG,NE,B,25,SER,OG,0.36299637003629964
B,60,ARG,NH1,B,56,GLU,OE2,0.13299867001329987
B,33,ASN,ND2,B,11,ASP,OD2,0.08499915000849992
B,33,ASN,ND2,B,7,GLU,OE2,0.12099879001209989
B,14,SER,OG,B,25,SER,OG,0.027999720002799974
B,33,ASN,ND2,B,7,GLU,OE1,0.1049989500104999
B,47,LYS,NZ,B,33,ASN,OD1,0.011999880001199989
B,47,LYS,NZ,B,33,ASN,OD1,0.003999960000399996
B,33,ASN,ND2,B,44,GLU,OE1,0.000999990000099999
B,20,LYS,NZ,B,19,GLN,NE2,0.016999830001699984
B,34,ARG,NH1,B,31,GLU,OE2,1.2079879201207988
B,120,GLN,NE2,B,29,ASP,OD2,0.006999930000699994
B,78,THR,OG1,B,73,HIS,ND1,0.24899751002489975
B,34,ARG,NH1,B,31,GLU,OE1,1.3019869801301986
B,73,HIS,NE2,B,78,THR,OG1,0.07499925000749992
B,6,ARG,NE,B,7,GLU,OE2,0.09299907000929991
B,88,ASN,ND2,B,137,HIS,NE2,0.0029999700002999972
B,120,GLN,NE2,B,29,ASP,OD1,0.14699853001469984
B,125,ARG,NH2,B,29,ASP,OD2,0.0949990500094999
B,125,ARG,NH2,B,29,ASP,OD1,0.12599874001259986
B,120,GLN,NE2,B,29,ASP,OD2,0.18299817001829982
B,120,GLN,NE2,B,29,ASP,OD1,0.0059999400005999945
B,125,ARG,NE,B,29,ASP,OD1,0.06699933000669994
B,70,SER,OG,B,113,GLU,OE2,0.0029999700002999972
B,70,SER,OG,B,113,GLU,OE1,0.0029999700002999972
B,48,GLN,NE2,B,39,GLU,OE2,0.014999850001499985
B,69,THR,OG1,B,58,GLU,OE2,1.079989200107999
B,85,GLN,NE2,B,82,SER,OG,0.08099919000809992
B,60,ARG,NE,B,56,GLU,OE1,31.726682733172666
B,60,ARG,NH2,B,56,GLU,OE1,41.63858361416386
B,60,ARG,NH2,B,155,TYR,OH,7.3539264607353925
B,60,ARG,NH2,B,56,GLU,OE2,39.33060669393306
B,60,ARG,NE,B,56,GLU,OE2,29.00170998290017
B,150,THR,OG1,B,149,ASP,OD1,0.034999650003499964
B,60,ARG,NH1,B,56,GLU,OE1,0.10799892001079989
B,60,ARG,NH2,B,56,GLU,OE1,0.17999820001799982
B,125,ARG,NH2,B,120,GLN,OE1,0.000999990000099999
B,60,ARG,NH2,B,56,GLU,OE2,0.19199808001919982
B,92,ARG,NH2,B,88,ASN,OD1,0.25999740002599975
B,92,ARG,NE,B,88,ASN,OD1,0.2099979000209998
B,43,SER,OG,B,4,SER,OG,0.983990160098399
B,4,SER,OG,B,43,SER,OG,0.8019919800801992
B,3,GLN,NE2,B,139,GLU,OE2,0.1989980100198998
B,3,GLN,NE2,B,139,GLU,OE1,0.23299767002329974
B,135,ASN,ND2,B,139,GLU,OE2,15.685843141568585
B,120,GLN,NE2,B,124,SER,OG,0.00899991000089999
B,124,SER,OG,B,120,GLN,NE2,0.00899991000089999
B,117,LYS,NZ,B,73,HIS,NE2,0.0939990600093999
B,51,ARG,NH1,B,44,GLU,OE2,0.1969980300196998
B,33,ASN,ND2,B,35,THR,OG1,0.31999680003199965
B,3,GLN,NE2,B,2,SER,OG,0.1979980200197998
B,3,GLN,NE2,B,2,SER,OG,0.2119978800211998
B,33,ASN,ND2,B,11,ASP,OD2,0.22099779002209977
B,2,SER,OG,B,3,GLN,NE2,0.023999760002399978
B,2,SER,OG,B,3,GLN,OE1,0.044999550004499955
B,5,ASN,ND2,B,135,ASN,OD1,0.10099899001009989
B,60,ARG,NH2,B,155,TYR,OH,0.896991030089699
B,6,ARG,NH2,B,33,ASN,OD1,0.001999980000199998
B,6,ARG,NH2,B,7,GLU,OE1,0.07199928000719992
B,51,ARG,NH2,B,32,GLU,OE1,0.003999960000399996
B,6,ARG,NE,B,33,ASN,OD1,0.012999870001299986
B,20,LYS,NZ,B,19,GLN,NE2,0.018999810001899983
B,35,THR,OG1,B,33,ASN,OD1,0.06599934000659993
B,82,SER,OG,B,73,HIS,ND1,0.013999860001399987
B,85,GLN,NE2,B,89,GLU,OE2,0.009999900000999989
B,34,ARG,NH1,B,44,GLU,OE2,0.0029999700002999972
B,82,SER,OG,B,73,HIS,NE2,0.009999900000999989
B,81,GLN,NE2,B,82,SER,OG,0.001999980000199998
B,132,THR,OG1,B,136,ASP,OD2,0.030999690003099968
B,132,THR,OG1,B,136,ASP,OD1,0.034999650003499964
B,34,ARG,NH1,B,18,SER,OG,0.026999730002699972
B,33,ASN,ND2,B,4,SER,OG,0.000999990000099999
B,92,ARG,NH1,B,93,ASP,OD1,0.060999390006099934
B,62,ARG,NH2,B,19,GLN,OE1,0.007999920000799993
B,34,ARG,NH1,B,39,GLU,OE2,0.5339946600533995
B,34,ARG,NH1,B,41,THR,OG1,0.000999990000099999
B,3,GLN,NE2,B,4,SER,OG,0.04299957000429996
B,25,SER,OG,B,14,SER,OG,0.00899991000089999
B,34,ARG,NH1,B,44,GLU,OE1,0.000999990000099999
B,14,SER,OG,B,23,SER,OG,0.019999800001999978
B,62,ARG,NH1,B,66,SER,OG,0.011999880001199989
B,6,ARG,NH1,B,7,GLU,OE2,0.021999780002199976
B,33,ASN,ND2,B,39,GLU,OE2,0.015999840001599985
B,33,ASN,ND2,B,39,GLU,OE1,0.006999930000699994
B,33,ASN,ND2,B,39,GLU,OE2,0.000999990000099999
B,33,ASN,ND2,B,39,GLU,OE1,0.007999920000799993
B,63,ARG,NH2,B,56,GLU,OE2,0.1049989500104999
B,51,ARG,NH2,B,39,GLU,OE2,0.07399926000739993
B,51,ARG,NH1,B,39,GLU,OE2,0.001999980000199998
B,43,SER,OG,B,42,GLU,OE2,0.4399956000439995
B,14,SER,OG,B,35,THR,OG1,0.011999880001199989
B,35,THR,OG1,B,14,SER,OG,0.000999990000099999
B,70,SER,OG,B,71,GLN,OE1,0.006999930000699994
B,18,SER,OG,B,35,THR,OG1,0.000999990000099999
B,51,ARG,NH2,B,39,GLU,OE1,0.09699903000969991
B,63,ARG,NH2,B,56,GLU,OE1,0.10799892001079989
B,71,GLN,NE2,B,67,ASP,OD2,0.010999890001099988
B,19,GLN,NE2,B,58,GLU,OE1,0.000999990000099999
B,34,ARG,NE,B,23,SER,OG,0.016999830001699984
B,18,SER,OG,B,32,GLU,OE2,0.023999760002399978
B,26,GLN,NE2,B,118,GLU,OE2,0.009999900000999989
B,71,GLN,NE2,B,73,HIS,NE2,0.000999990000099999
B,88,ASN,ND2,B,89,GLU,OE1,0.001999980000199998
B,88,ASN,ND2,B,89,GLU,OE2,0.000999990000099999
B,92,ARG,NH2,B,133,TYR,OH,0.006999930000699994
B,51,ARG,NH1,B,35,THR,OG1,0.0029999700002999972
B,51,ARG,NH2,B,35,THR,OG1,0.00899991000089999
B,34,ARG,NH1,B,23,SER,OG,0.00899991000089999
B,23,SER,OG,B,36,GLU,OE1,0.027999720002799974
B,18,SER,OG,B,36,GLU,OE1,0.025999740002599973
B,18,SER,OG,B,36,GLU,OE2,0.01799982000179998
B,25,SER,OG,B,36,GLU,OE1,0.019999800001999978
B,62,ARG,NH2,B,66,SER,OG,0.011999880001199989
B,23,SER,OG,B,36,GLU,OE2,0.03199968000319997
B,34,ARG,NH2,B,35,THR,OG1,0.034999650003499964
B,62,ARG,NE,B,66,SER,OG,0.006999930000699994
B,143,GLN,NE2,B,144,GLU,OE1,0.027999720002799974
B,25,SER,OG,B,36,GLU,OE2,0.021999780002199976
B,34,ARG,NH2,B,35,THR,OG1,0.000999990000099999
B,62,ARG,NH2,B,19,GLN,NE2,0.0029999700002999972
B,62,ARG,NH1,B,19,GLN,OE1,0.001999980000199998
B,14,SER,OG,B,36,GLU,OE1,0.2969970300296997
B,80,TYR,OH,B,132,THR,OG1,0.044999550004499955
B,73,HIS,NE2,B,113,GLU,OE2,0.000999990000099999
B,34,ARG,NH1,B,25,SER,OG,0.025999740002599973
B,28,SER,OG,B,32,GLU,OE1,0.030999690003099968
B,33,ASN,ND2,B,11,ASP,OD1,0.021999780002199976
B,135,ASN,ND2,B,139,GLU,OE1,15.564844351556484
B,48,GLN,NE2,B,11,ASP,OD2,0.003999960000399996
B,51,ARG,NH2,B,35,THR,OG1,0.03199968000319997
B,6,ARG,NH1,B,33,ASN,OD1,0.007999920000799993
B,120,GLN,NE2,B,124,SER,OG,0.0059999400005999945
B,26,GLN,NE2,B,118,GLU,OE1,0.03199968000319997
B,26,GLN,NE2,B,118,GLU,OE1,0.006999930000699994
B,33,ASN,ND2,B,32,GLU,OE1,0.8709912900870991
B,125,ARG,NH2,B,28,SER,OG,0.000999990000099999
B,5,ASN,ND2,B,1,MET,SD,0.0049999500004999945
B,20,LYS,NZ,B,67,ASP,OD1,0.053999460005399944
B,34,ARG,NE,B,18,SER,OG,0.009999900000999989
B,62,ARG,NH2,B,19,GLN,NE2,0.006999930000699994
B,20,LYS,NZ,B,19,GLN,NE2,0.010999890001099988
B,81,GLN,NE2,B,75,THR,OG1,0.11799882001179988
B,20,LYS,NZ,B,67,ASP,OD2,0.08999910000899991
B,33,ASN,ND2,B,11,ASP,OD1,0.000999990000099999
B,26,GLN,NE2,B,32,GLU,OE1,0.012999870001299986
B,26,GLN,NE2,B,32,GLU,OE2,0.010999890001099988
B,26,GLN,NE2,B,32,GLU,OE2,0.03599964000359996
B,26,GLN,NE2,B,32,GLU,OE1,0.03699963000369996
B,24,TRP,NE1,B,32,GLU,OE2,0.04099959000409996
B,88,ASN,ND2,B,85,GLN,NE2,0.15599844001559984
B,24,TRP,NE1,B,32,GLU,OE1,0.05899941000589994
B,3,GLN,NE2,B,149,ASP,OD2,0.20599794002059982
B,3,GLN,NE2,B,149,ASP,OD1,0.23099769002309978
B,28,SER,OG,B,32,GLU,OE2,0.022999770002299975
B,19,GLN,NE2,B,36,GLU,OE2,0.000999990000099999
B,34,ARG,NH2,B,28,SER,OG,0.04699953000469995
B,62,ARG,NH1,B,69,THR,OG1,0.003999960000399996
B,14,SER,OG,B,36,GLU,OE2,0.32799672003279967
B,6,ARG,NH1,B,28,SER,OG,0.012999870001299986
B,135,ASN,ND2,B,136,ASP,OD2,2.621973780262197
B,148,TRP,NE1,B,139,GLU,OE2,0.003999960000399996
B,48,GLN,NE2,B,36,GLU,OE2,0.13499865001349987
B,6,ARG,NE,B,29,ASP,OD2,0.06999930000699993
B,6,ARG,NH2,B,29,ASP,OD2,0.08599914000859991
B,6,ARG,NH2,B,29,ASP,OD1,0.06399936000639994
B,88,ASN,ND2,B,80,TYR,OH,0.009999900000999989
B,148,TRP,NE1,B,143,GLN,NE2,0.0049999500004999945
B,2,SER,OG,B,43,SER,OG,6.835931640683593
B,51,ARG,NH1,B,39,GLU,OE1,0.001999980000199998
B,135,ASN,ND2,B,5,ASN,OD1,0.2029979700202998
B,28,SER,OG,B,25,SER,OG,0.000999990000099999
B,43,SER,OG,B,1,MET,SD,0.05999940000599994
B,135,ASN,ND2,B,5,ASN,OD1,0.20699793002069977
B,135,ASN,ND2,B,136,ASP,OD1,2.5299747002529975
B,6,ARG,NE,B,124,SER,OG,0.001999980000199998
B,18,SER,OG,B,19,GLN,NE2,0.000999990000099999
B,16,LYS,NZ,B,69,THR,OG1,0.018999810001899983
B,143,GLN,NE2,B,3,GLN,OE1,0.3669963300366996
B,26,GLN,NE2,B,23,SER,OG,0.6009939900600993
B,26,GLN,NE2,B,25,SER,OG,0.3769962300376996
B,135,ASN,ND2,B,132,THR,OG1,0.003999960000399996
B,117,LYS,NZ,B,75,THR,OG1,0.0029999700002999972
B,145,ASN,ND2,B,150,THR,OG1,0.0029999700002999972
B,4,SER,OG,B,32,GLU,OE2,0.000999990000099999
B,81,GLN,NE2,B,78,THR,OG1,0.05499945000549994
B,62,ARG,NH1,B,19,GLN,NE2,0.000999990000099999
B,148,TRP,NE1,B,143,GLN,OE1,0.000999990000099999
B,4,SER,OG,B,3,GLN,NE2,0.001999980000199998
B,16,LYS,NZ,B,69,THR,OG1,0.022999770002299975
B,62,ARG,NH2,B,69,THR,OG1,0.13499865001349987
B,82,SER,OG,B,85,GLN,NE2,0.010999890001099988
B,22,TYR,OH,B,26,GLN,OE1,0.051999480005199945
B,62,ARG,NH1,B,55,ASP,OD2,0.001999980000199998
B,16,LYS,NZ,B,69,THR,OG1,0.015999840001599985
B,73,HIS,NE2,B,82,SER,OG,0.04599954000459995
B,125,ARG,NH2,B,78,THR,OG1,0.0049999500004999945
B,125,ARG,NH1,B,78,THR,OG1,0.001999980000199998
B,99,ARG,NH1,B,96,ASN,OD1,0.02999970000299997
B,125,ARG,NH1,B,78,THR,OG1,0.001999980000199998
B,60,ARG,NE,B,155,TYR,OH,0.007999920000799993
B,73,HIS,NE2,B,70,SER,OG,0.007999920000799993
B,5,ASN,ND2,B,3,GLN,OE1,0.007999920000799993
B,82,SER,OG,B,81,GLN,NE2,0.0029999700002999972
B,20,LYS,NZ,B,67,ASP,OD2,0.047999520004799956
B,51,ARG,NH1,B,52,GLU,OE1,0.000999990000099999
B,111,CYS,SG,B,130,MET,SD,0.07299927000729993
B,26,GLN,NE2,B,118,GLU,OE2,0.026999730002699972
B,124,SER,OG,B,120,GLN,OE1,0.0059999400005999945
B,75,THR,OG1,B,85,GLN,OE1,0.001999980000199998
B,24,TRP,NE1,B,14,SER,OG,0.037999620003799965
B,28,SER,OG,B,14,SER,OG,0.003999960000399996
B,6,ARG,NH2,B,136,ASP,OD2,0.0049999500004999945
B,20,LYS,NZ,B,55,ASP,OD2,0.001999980000199998
B,34,ARG,NH2,B,28,SER,OG,0.09599904000959991
B,15,TYR,OH,B,36,GLU,OE2,0.027999720002799974
B,15,TYR,OH,B,36,GLU,OE1,0.024999750002499977
B,20,LYS,NZ,B,55,ASP,OD2,0.000999990000099999
B,33,ASN,ND2,B,18,SER,OG,0.02899971000289997
B,48,GLN,NE2,B,15,TYR,OH,0.00899991000089999
B,5,ASN,ND2,B,143,GLN,NE2,0.01799982000179998
B,51,ARG,NH2,B,15,TYR,OH,0.000999990000099999
B,6,ARG,NH1,B,7,GLU,OE1,0.04099959000409996
B,6,ARG,NH1,B,139,GLU,OE1,0.0049999500004999945
B,6,ARG,NH2,B,39,GLU,OE2,0.000999990000099999
B,6,ARG,NH2,B,43,SER,OG,0.000999990000099999
B,92,ARG,NH1,B,88,ASN,OD1,0.019999800001999978
B,6,ARG,NH1,B,139,GLU,OE2,0.0029999700002999972
B,34,ARG,NH1,B,29,ASP,OD2,0.05799942000579994
B,34,ARG,NH1,B,29,ASP,OD1,0.16199838001619984
B,34,ARG,NH2,B,29,ASP,OD2,0.0879991200087999
B,34,ARG,NH2,B,29,ASP,OD1,0.2039979600203998
B,34,ARG,NH1,B,28,SER,OG,0.07199928000719992
B,34,ARG,NH1,B,28,SER,OG,0.0029999700002999972
B,24,TRP,NE1,B,36,GLU,OE2,0.000999990000099999
B,73,HIS,NE2,B,119,MET,SD,0.0029999700002999972
B,111,CYS,SG,B,114,SER,OG,0.000999990000099999
B,16,LYS,NZ,B,105,SER,OG,0.000999990000099999
B,41,THR,OG1,B,2,SER,OG,0.05999940000599994
B,15,TYR,OH,B,11,ASP,OD1,0.000999990000099999
B,28,SER,OG,B,31,GLU,OE2,3.6249637503624963
B,28,SER,OG,B,31,GLU,OE1,2.4939750602493973
B,6,ARG,NE,B,29,ASP,OD1,0.010999890001099988
B,34,ARG,NE,B,28,SER,OG,0.02899971000289997
B,24,TRP,NE1,B,31,GLU,OE1,3.103968960310397
B,35,THR,OG1,B,31,GLU,OE2,0.00899991000089999
B,117,LYS,NZ,B,75,THR,OG1,0.003999960000399996
B,35,THR,OG1,B,31,GLU,OE1,0.023999760002399978
B,14,SER,OG,B,31,GLU,OE1,7.468925310746892
B,24,TRP,NE1,B,31,GLU,OE2,3.6569634303656966
B,14,SER,OG,B,31,GLU,OE2,7.638923610763893
B,3,GLN,NE2,B,11,ASP,OD1,0.04699953000469995
B,3,GLN,NE2,B,11,ASP,OD2,0.06299937000629993
B,6,ARG,NH2,B,4,SER,OG,0.013999860001399987
B,4,SER,OG,B,135,ASN,OD1,0.03699963000369996
B,2,SER,OG,B,39,GLU,OE2,0.027999720002799974
B,2,SER,OG,B,39,GLU,OE1,0.02899971000289997
B,2,SER,OG,B,41,THR,OG1,0.018999810001899983
B,92,ARG,NH1,B,93,ASP,OD1,0.006999930000699994
B,3,GLN,NE2,B,39,GLU,OE1,0.001999980000199998
B,92,ARG,NH2,B,85,GLN,NE2,0.003999960000399996
B,99,ARG,NH2,B,96,ASN,OD1,0.027999720002799974
B,6,ARG,NE,B,132,THR,OG1,0.0059999400005999945
B,137,HIS,NE2,B,133,TYR,OH,0.001999980000199998
B,41,THR,OG1,B,1,MET,SD,0.013999860001399987
B,92,ARG,NH1,B,93,ASP,OD2,0.001999980000199998
B,129,TRP,NE1,B,84,GLU,OE1,1.1939880601193988
B,88,ASN,ND2,B,137,HIS,NE2,0.001999980000199998
B,33,ASN,ND2,B,29,ASP,OD1,0.044999550004499955
B,33,ASN,ND2,B,29,ASP,OD2,0.06499935000649994
B,33,ASN,ND2,B,29,ASP,OD1,0.060999390006099934
B,129,TRP,NE1,B,84,GLU,OE2,1.1019889801101987
B,2,SER,OG,B,7,GLU,OE1,1.084989150108499
B,143,GLN,NE2,B,3,GLN,NE2,0.1759982400175998
B,33,ASN,ND2,B,29,ASP,OD2,0.03699963000369996
B,4,SER,OG,B,2,SER,OG,0.07099929000709992
B,2,SER,OG,B,7,GLU,OE2,0.998990010099899
B,145,ASN,ND2,B,144,GLU,OE2,0.000999990000099999
B,2,SER,OG,B,4,SER,OG,0.024999750002499977
B,43,SER,OG,B,5,ASN,OD1,0.0059999400005999945
B,85,GLN,NE2,B,89,GLU,OE2,0.0059999400005999945
B,62,ARG,NH2,B,69,THR,OG1,0.001999980000199998
B,16,LYS,NZ,B,105,SER,OG,0.003999960000399996
B,125,ARG,NH2,B,81,GLN,NE2,0.000999990000099999
B,15,TYR,OH,B,52,GLU,OE2,0.001999980000199998
B,41,THR,OG1,B,4,SER,OG,0.006999930000699994
B,4,SER,OG,B,41,THR,OG1,0.000999990000099999
B,47,LYS,NZ,B,48,GLN,OE1,0.000999990000099999
B,5,ASN,ND2,B,3,GLN,NE2,0.0029999700002999972
B,96,ASN,ND2,B,93,ASP,OD1,0.007999920000799993
B,62,ARG,NH2,B,55,ASP,OD1,0.0059999400005999945
B,51,ARG,NH2,B,31,GLU,OE2,0.06899931000689993
B,73,HIS,NE2,B,81,GLN,NE2,0.0059999400005999945
B,85,GLN,NE2,B,75,THR,OG1,0.0029999700002999972
B,63,ARG,NH2,B,56,GLU,OE2,0.0049999500004999945
B,73,HIS,NE2,B,81,GLN,OE1,0.003999960000399996
B,92,ARG,NH1,B,85,GLN,NE2,0.001999980000199998
B,73,HIS,NE2,B,85,GLN,OE1,0.001999980000199998
B,73,HIS,NE2,B,85,GLN,NE2,0.000999990000099999
B,63,ARG,NH2,B,56,GLU,OE1,0.003999960000399996
B,51,ARG,NH1,B,52,GLU,OE1,0.006999930000699994
B,48,GLN,NE2,B,11,ASP,OD1,0.000999990000099999
B,62,ARG,NH2,B,55,ASP,OD2,0.0029999700002999972
B,117,LYS,NZ,B,75,THR,OG1,0.000999990000099999
B,129,TRP,NE1,B,133,TYR,OH,0.000999990000099999
B,6,ARG,NH2,B,136,ASP,OD1,0.001999980000199998
B,114,SER,OG,B,119,MET,SD,0.001999980000199998
B,4,SER,OG,B,42,GLU,OE2,0.000999990000099999
B,125,ARG,NH1,B,120,GLN,NE2,0.000999990000099999
B,63,ARG,NH1,B,56,GLU,OE2,0.001999980000199998
B,6,ARG,NH2,B,3,GLN,NE2,0.000999990000099999
B,25,SER,OG,B,29,ASP,OD2,0.003999960000399996
B,25,SER,OG,B,29,ASP,OD1,0.003999960000399996
B,66,SER,OG,B,71,GLN,OE1,0.0889991100088999
B,62,ARG,NE,B,69,THR,OG1,0.003999960000399996
B,71,GLN,NE2,B,73,HIS,ND1,0.08199918000819992
B,20,LYS,NZ,B,70,SER,OG,0.016999830001699984
B,20,LYS,NZ,B,70,SER,OG,0.0059999400005999945
B,20,LYS,NZ,B,70,SER,OG,0.013999860001399987
B,73,HIS,NE2,B,66,SER,OG,0.001999980000199998
B,117,LYS,NZ,B,71,GLN,NE2,0.0029999700002999972
B,71,GLN,NE2,B,113,GLU,OE1,0.024999750002499977
B,66,SER,OG,B,73,HIS,NE2,0.000999990000099999
B,18,SER,OG,B,19,GLN,OE1,0.001999980000199998
B,71,GLN,NE2,B,113,GLU,OE2,0.003999960000399996
B,117,LYS,NZ,B,71,GLN,NE2,0.0029999700002999972
B,62,ARG,NH2,B,70,SER,OG,0.000999990000099999
B,71,GLN,NE2,B,113,GLU,OE2,0.000999990000099999
B,117,LYS,NZ,B,71,GLN,NE2,0.001999980000199998
B,117,LYS,NZ,B,71,GLN,OE1,0.000999990000099999
B,19,GLN,NE2,B,69,THR,OG1,0.016999830001699984
B,69,THR,OG1,B,19,GLN,NE2,0.001999980000199998
B,69,THR,OG1,B,19,GLN,OE1,0.0029999700002999972
B,61,TYR,OH,B,66,SER,OG,0.0029999700002999972
B,96,ASN,ND2,B,93,ASP,OD1,0.001999980000199998
B,96,ASN,ND2,B,93,ASP,OD2,0.0029999700002999972
B,96,ASN,ND2,B,93,ASP,OD2,0.000999990000099999
B,19,GLN,NE2,B,58,GLU,OE2,0.000999990000099999
B,63,ARG,NH1,B,56,GLU,OE1,0.000999990000099999
B,99,ARG,NH1,B,96,ASN,OD1,0.003999960000399996
B,4,SER,OG,B,39,GLU,OE1,0.010999890001099988
B,6,ARG,NH2,B,136,ASP,OD2,0.0049999500004999945
B,6,ARG,NH2,B,136,ASP,OD1,0.003999960000399996
B,51,ARG,NH1,B,31,GLU,OE2,0.0029999700002999972
B,51,ARG,NH2,B,31,GLU,OE1,0.019999800001999978
B,51,ARG,NH1,B,31,GLU,OE1,0.003999960000399996
B,18,SER,OG,B,31,GLU,OE1,0.009999900000999989
B,18,SER,OG,B,31,GLU,OE2,0.001999980000199998
B,85,GLN,NE2,B,75,THR,OG1,0.000999990000099999
B,81,GLN,NE2,B,80,TYR,OH,0.001999980000199998
B,92,ARG,NH2,B,85,GLN,OE1,0.001999980000199998
B,16,LYS,NZ,B,105,SER,OG,0.000999990000099999
B,92,ARG,NH2,B,133,TYR,OH,0.0059999400005999945
B,92,ARG,NE,B,133,TYR,OH,0.001999980000199998
B,92,ARG,NH1,B,137,HIS,ND1,0.010999890001099988
B,92,ARG,NH2,B,137,HIS,ND1,0.00899991000089999
B,92,ARG,NH2,B,137,HIS,NE2,0.009999900000999989
B,92,ARG,NH1,B,137,HIS,NE2,0.000999990000099999
B,85,GLN,NE2,B,88,ASN,OD1,0.000999990000099999
B,6,ARG,NH1,B,136,ASP,OD2,0.000999990000099999
B,6,ARG,NH2,B,39,GLU,OE1,0.0029999700002999972
B,4,SER,OG,B,39,GLU,OE2,0.001999980000199998
B,47,LYS,NZ,B,42,GLU,OE1,0.001999980000199998
