B,7,GLU,N,B,4,SER,O,54.28845711542885
B,8,LEU,N,B,5,ASN,O,72.57127428725713
B,9,VAL,N,B,5,ASN,O,77.96722032779672
B,9,VAL,N,B,6,ARG,O,60.93439065609344
B,10,VAL,N,B,6,ARG,O,82.05217947820522
B,11,ASP,N,B,7,GLU,O,93.18406815931841
B,12,PHE,N,B,8,LEU,O,92.75307246927531
B,12,PHE,N,B,9,VAL,O,45.76154238457615
B,13,LEU,N,B,9,VAL,O,99.870001299987
B,14,SER,N,B,10,VAL,O,98.8570114298857
B,14,SER,N,B,11,ASP,O,19.64280357196428
B,15,TYR,N,B,11,ASP,O,96.44303556964431
B,16,LYS,N,B,12,PHE,O,99.4790052099479
B,17,LEU,N,B,13,LEU,O,99.1080089199108
B,17,LEU,N,B,14,SER,O,26.353736462635375
B,18,SER,N,B,14,SER,O,97.2440275597244
B,18,SER,N,B,15,TYR,O,31.50668493315067
B,19,GLN,N,B,15,TYR,O,85.80814191858082
B,19,GLN,N,B,16,LYS,O,62.60037399626004
B,20,LYS,N,B,16,LYS,O,66.35733642663574
B,20,LYS,N,B,17,LEU,O,83.41516584834152
B,21,GLY,N,B,17,LEU,O,20.37379626203738
B,21,GLY,N,B,18,SER,O,93.6170638293617
B,22,TYR,N,B,17,LEU,O,99.2920070799292
B,26,GLN,N,B,23,SER,O,88.97311026889732
B,27,PHE,N,B,24,TRP,O,93.47706522934772
B,29,ASP,N,B,24,TRP,O,0.030999690003099968
B,30,VAL,N,B,28,SER,O,6.118938810611894
B,31,GLU,N,B,29,ASP,O,3.959960400395996
B,32,GLU,N,B,30,VAL,O,3.2109678903210965
B,45,ALA,N,B,41,THR,O,30.04169958300417
B,46,VAL,N,B,43,SER,O,68.30031699683003
B,47,LYS,N,B,43,SER,O,89.02210977890222
B,48,GLN,N,B,44,GLU,O,99.4080059199408
B,49,ALA,N,B,45,ALA,O,97.9220207797922
B,49,ALA,N,B,46,VAL,O,34.37165628343716
B,50,LEU,N,B,46,VAL,O,99.5270047299527
B,51,ARG,N,B,47,LYS,O,98.71601283987161
B,52,GLU,N,B,48,GLN,O,98.3360166398336
B,53,ALA,N,B,49,ALA,O,99.77900220997789
B,54,GLY,N,B,50,LEU,O,98.7380126198738
B,55,ASP,N,B,51,ARG,O,96.4040359596404
B,55,ASP,N,B,52,GLU,O,53.700462995370046
B,56,GLU,N,B,52,GLU,O,97.880021199788
B,57,PHE,N,B,53,ALA,O,99.47400525994739
B,57,PHE,N,B,54,GLY,O,18.908810911890882
B,58,GLU,N,B,54,GLY,O,99.20700792992069
B,59,LEU,N,B,55,ASP,O,97.8740212597874
B,60,ARG,N,B,56,GLU,O,99.2540074599254
B,60,ARG,N,B,57,PHE,O,21.01178988210118
B,61,TYR,N,B,57,PHE,O,98.8120118798812
B,61,TYR,N,B,58,GLU,O,29.66370336296637
B,62,ARG,N,B,58,GLU,O,99.4660053399466
B,63,ARG,N,B,59,LEU,O,97.47402525974739
B,64,ALA,N,B,60,ARG,O,71.32728672713273
B,65,PHE,N,B,61,TYR,O,99.6640033599664
B,66,SER,N,B,61,TYR,O,44.43355566444336
B,66,SER,N,B,62,ARG,O,55.03844961550385
B,67,ASP,N,B,65,PHE,O,4.018959810401896
B,70,SER,N,B,68,LEU,O,0.28499715002849973
B,71,GLN,N,B,68,LEU,O,81.65718342816571
B,72,LEU,N,B,69,THR,O,66.96933030669693
B,72,LEU,N,B,70,SER,O,3.966960330396696
B,78,THR,N,B,75,THR,O,80.48719512804871
B,79,ALA,N,B,75,THR,O,59.73040269597304
B,79,ALA,N,B,76,PRO,O,67.63932360676394
B,82,SER,N,B,78,THR,O,92.8430715692843
B,83,PHE,N,B,81,GLN,O,0.27399726002739977
B,84,GLU,N,B,80,TYR,O,89.02710972890272
B,85,GLN,N,B,81,GLN,O,92.1980780192198
B,87,VAL,N,B,83,PHE,O,99.43400565994341
B,88,ASN,N,B,84,GLU,O,97.8530214697853
B,89,GLU,N,B,85,GLN,O,79.37120628793713
B,89,GLU,N,B,86,VAL,O,66.59133408665913
B,90,LEU,N,B,86,VAL,O,97.2420275797242
B,90,LEU,N,B,87,VAL,O,28.15971840281597
B,91,PHE,N,B,87,VAL,O,98.1280187198128
B,91,PHE,N,B,88,ASN,O,39.19460805391946
B,92,ARG,N,B,88,ASN,O,6.554934450655494
B,94,GLY,N,B,91,PHE,O,75.02024979750203
B,99,ARG,N,B,96,ASN,O,59.08040919590805
B,100,ILE,N,B,96,ASN,O,92.6580734192658
B,100,ILE,N,B,97,TRP,O,77.97222027779722
B,101,VAL,N,B,97,TRP,O,99.53900460995389
B,102,ALA,N,B,98,GLY,O,99.480005199948
B,103,PHE,N,B,99,ARG,O,98.2610173898261
B,104,PHE,N,B,100,ILE,O,99.96700032999671
B,105,SER,N,B,101,VAL,O,99.8020019799802
B,106,PHE,N,B,102,ALA,O,98.2610173898261
B,107,GLY,N,B,103,PHE,O,99.9110008899911
B,107,GLY,N,B,104,PHE,O,12.139878601213988
B,108,GLY,N,B,104,PHE,O,99.2010079899201
B,108,GLY,N,B,105,SER,O,20.60779392206078
B,109,ALA,N,B,105,SER,O,93.1140688593114
B,109,ALA,N,B,106,PHE,O,45.10554894451055
B,110,LEU,N,B,106,PHE,O,99.62300376996231
B,111,CYS,N,B,107,GLY,O,98.4010159898401
B,112,VAL,N,B,108,GLY,O,96.4180358196418
B,113,GLU,N,B,109,ALA,O,99.2990070099299
B,114,SER,N,B,110,LEU,O,91.2650873491265
B,115,VAL,N,B,111,CYS,O,95.6720432795672
B,115,VAL,N,B,112,VAL,O,57.09042909570904
B,116,ASP,N,B,112,VAL,O,78.45621543784563
B,117,LYS,N,B,113,GLU,O,92.2830771692283
B,118,GLU,N,B,115,VAL,O,98.01801981980181
B,120,GLN,N,B,118,GLU,O,66.99733002669973
B,122,LEU,N,B,119,MET,O,74.49825501744982
B,123,VAL,N,B,120,GLN,O,67.31332686673134
B,124,SER,N,B,121,VAL,O,53.65746342536575
B,125,ARG,N,B,121,VAL,O,68.49531504684954
B,125,ARG,N,B,122,LEU,O,60.582394176058244
B,126,ILE,N,B,122,LEU,O,98.5550144498555
B,126,ILE,N,B,123,VAL,O,33.805661943380564
B,127,ALA,N,B,123,VAL,O,93.7290627093729
B,128,ALA,N,B,125,ARG,O,46.378536214637855
B,129,TRP,N,B,125,ARG,O,98.9630103698963
B,130,MET,N,B,126,ILE,O,99.8640013599864
B,131,ALA,N,B,127,ALA,O,98.680013199868
B,131,ALA,N,B,128,ALA,O,26.597734022659775
B,132,THR,N,B,128,ALA,O,99.0450095499045
B,133,TYR,N,B,129,TRP,O,99.0850091499085
B,133,TYR,N,B,130,MET,O,20.508794912050877
B,134,LEU,N,B,130,MET,O,99.4040059599404
B,135,ASN,N,B,131,ALA,O,98.90901090989091
B,136,ASP,N,B,132,THR,O,97.9140208597914
B,137,HIS,N,B,133,TYR,O,97.6030239697603
B,138,LEU,N,B,133,TYR,O,98.10501894981051
B,139,GLU,N,B,134,LEU,O,91.73408265917341
B,141,TRP,N,B,138,LEU,O,81.78718212817871
B,142,ILE,N,B,138,LEU,O,99.8370016299837
B,143,GLN,N,B,139,GLU,O,99.94800051999479
B,144,GLU,N,B,140,PRO,O,92.6230737692623
B,144,GLU,N,B,141,TRP,O,47.93952060479395
B,145,ASN,N,B,141,TRP,O,90.35209647903521
B,146,GLY,N,B,143,GLN,O,87.11112888871111
B,147,GLY,N,B,142,ILE,O,98.8160118398816
B,151,PHE,N,B,148,TRP,O,72.18227817721822
B,152,VAL,N,B,148,TRP,O,99.3360066399336
B,153,GLU,N,B,149,ASP,O,69.92530074699252
B,153,GLU,N,B,150,THR,O,74.98425015749842
B,154,LEU,N,B,150,THR,O,74.60425395746041
B,154,LEU,N,B,151,PHE,O,63.888361116388836
B,155,TYR,N,B,151,PHE,O,98.4010159898401
B,156,GLY,N,B,154,LEU,O,8.898911010889892
B,15,TYR,N,B,12,PHE,O,36.13363866361337
B,27,PHE,N,B,23,SER,O,31.007689923100767
B,28,SER,N,B,24,TRP,O,82.33917660823393
B,28,SER,N,B,25,SER,O,32.033679663203365
B,29,ASP,N,B,25,SER,O,0.04899951000489995
B,34,ARG,N,B,32,GLU,O,10.46389536104639
B,45,ALA,N,B,42,GLU,O,62.49037509624904
B,46,VAL,N,B,42,GLU,O,60.50039499605005
B,47,LYS,N,B,44,GLU,O,28.823711762882372
B,50,LEU,N,B,47,LYS,O,25.989740102598972
B,54,GLY,N,B,51,ARG,O,26.596734032659676
B,59,LEU,N,B,56,GLU,O,38.29761702382976
B,62,ARG,N,B,59,LEU,O,19.23080769192308
B,82,SER,N,B,79,ALA,O,31.064689353106466
B,83,PHE,N,B,79,ALA,O,77.34022659773402
B,86,VAL,N,B,83,PHE,O,47.744522554774456
B,92,ARG,N,B,89,GLU,O,99.0790092099079
B,111,CYS,N,B,108,GLY,O,36.908630913690864
B,116,ASP,N,B,113,GLU,O,54.74045259547404
B,117,LYS,N,B,114,SER,O,46.447535524644756
B,119,MET,N,B,114,SER,O,98.5840141598584
B,123,VAL,N,B,119,MET,O,67.79532204677953
B,128,ALA,N,B,124,SER,O,92.31607683923161
B,132,THR,N,B,129,TRP,O,25.224747752522475
B,138,LEU,N,B,134,LEU,O,63.008369916300836
B,141,TRP,N,B,137,HIS,O,22.36177638223618
B,145,ASN,N,B,142,ILE,O,61.51838481615184
B,155,TYR,N,B,152,VAL,O,14.369856301436986
B,156,GLY,N,B,153,GLU,O,11.931880681193189
B,10,VAL,N,B,7,GLU,O,15.926840731592684
B,39,GLU,N,B,37,ALA,O,1.3699863001369987
B,48,GLN,N,B,45,ALA,O,20.810791892081077
B,51,ARG,N,B,48,GLN,O,30.75269247307527
B,52,GLU,N,B,49,ALA,O,30.69769302306977
B,63,ARG,N,B,60,ARG,O,42.41957580424196
B,66,SER,N,B,63,ARG,O,0.11499885001149988
B,83,PHE,N,B,80,TYR,O,59.523404765952336
B,112,VAL,N,B,109,ALA,O,37.46662533374666
B,114,SER,N,B,111,CYS,O,51.74848251517484
B,142,ILE,N,B,139,GLU,O,19.75080249197508
B,143,GLN,N,B,140,PRO,O,13.911860881391187
B,148,TRP,N,B,1,MET,O,0.12099879001209989
B,156,GLY,N,B,152,VAL,O,14.406855931440685
B,8,LEU,N,B,4,SER,O,49.00050999490005
B,44,GLU,N,B,41,THR,O,34.355656443435564
B,58,GLU,N,B,55,ASP,O,20.05679943200568
B,64,ALA,N,B,61,TYR,O,71.84528154718453
B,86,VAL,N,B,82,SER,O,85.23614763852362
B,92,ARG,N,B,90,LEU,O,16.025839741602585
B,101,VAL,N,B,98,GLY,O,31.88068119318807
B,110,LEU,N,B,107,GLY,O,22.77777222227778
B,139,GLU,N,B,135,ASN,O,28.57371426285737
B,16,LYS,N,B,13,LEU,O,22.62977370226298
B,81,GLN,N,B,78,THR,O,35.206647933520664
B,102,ALA,N,B,99,ARG,O,12.295877041229588
B,105,SER,N,B,102,ALA,O,11.275887241127588
B,106,PHE,N,B,103,PHE,O,39.30460695393046
B,118,GLU,N,B,116,ASP,O,24.331756682433177
B,129,TRP,N,B,126,ILE,O,21.94378056219438
B,134,LEU,N,B,131,ALA,O,27.430725692743074
B,56,GLU,N,B,53,ALA,O,36.66663333366667
B,84,GLU,N,B,81,GLN,O,28.64471355286447
B,88,ASN,N,B,85,GLN,O,18.42281577184228
B,136,ASP,N,B,133,TYR,O,18.379816201837983
B,87,VAL,N,B,84,GLU,O,21.605783942160578
B,146,GLY,N,B,142,ILE,O,7.863921360786392
B,152,VAL,N,B,149,ASP,O,36.132638673613265
B,70,SER,N,B,67,ASP,O,77.69222307776921
B,137,HIS,N,B,132,THR,O,11.421885781142189
B,149,ASP,N,B,147,GLY,O,9.866901330986689
B,94,GLY,N,B,92,ARG,O,18.04381956180438
B,130,MET,N,B,127,ALA,O,19.18780812191878
B,118,GLU,N,B,114,SER,O,2.773972260277397
B,127,ALA,N,B,124,SER,O,30.462695373046266
B,80,TYR,N,B,77,GLY,O,15.063849361506385
B,81,GLN,N,B,77,GLY,O,17.992820071799283
B,104,PHE,N,B,101,VAL,O,12.355876441235587
B,137,HIS,N,B,134,LEU,O,9.64490355096449
B,118,GLU,N,B,113,GLU,O,0.2029979700202998
B,29,ASP,N,B,26,GLN,O,0.11699883001169988
B,72,LEU,N,B,68,LEU,O,56.07143928560714
B,124,SER,N,B,120,GLN,O,41.245587544124554
B,139,GLU,N,B,136,ASP,O,2.089979100208998
B,13,LEU,N,B,10,VAL,O,12.597874021259786
B,29,ASP,N,B,27,PHE,O,0.4629953700462996
B,43,SER,N,B,40,GLY,O,9.685903140968591
B,44,GLU,N,B,40,GLY,O,12.023879761202389
B,11,ASP,N,B,8,LEU,O,36.27663723362766
B,66,SER,N,B,64,ALA,O,1.3109868901310986
B,103,PHE,N,B,100,ILE,O,33.484665153348466
B,113,GLU,N,B,110,LEU,O,28.992710072899268
B,65,PHE,N,B,62,ARG,O,9.08690913090869
B,75,THR,N,B,73,HIS,O,3.6289637103628967
B,53,ALA,N,B,50,LEU,O,9.17990820091799
B,86,VAL,N,B,81,GLN,O,2.345976540234598
B,93,ASP,N,B,89,GLU,O,11.277887221127788
B,80,TYR,N,B,76,PRO,O,12.575874241257587
B,21,GLY,N,B,19,GLN,O,5.872941270587294
B,147,GLY,N,B,143,GLN,O,11.932880671193288
B,135,ASN,N,B,132,THR,O,23.536764632353677
B,40,GLY,N,B,38,PRO,O,3.1329686703132973
B,40,GLY,N,B,37,ALA,O,30.587694123058768
B,41,THR,N,B,39,GLU,O,2.3819761802381976
B,71,GLN,N,B,69,THR,O,0.7279927200727992
B,35,THR,N,B,33,ASN,O,4.707952920470795
B,85,GLN,N,B,82,SER,O,30.214697853021473
B,37,ALA,N,B,35,THR,O,4.570954290457095
B,156,GLY,N,B,151,PHE,O,7.677923220767792
B,87,VAL,N,B,82,SER,O,0.5889941100588993
B,150,THR,N,B,147,GLY,O,59.72840271597284
B,146,GLY,N,B,144,GLU,O,37.85662143378566
B,149,ASP,N,B,146,GLY,O,25.534744652553478
B,119,MET,N,B,115,VAL,O,0.5079949200507995
B,96,ASN,N,B,94,GLY,O,0.018999810001899983
B,119,MET,N,B,117,LYS,O,0.5379946200537994
B,154,LEU,N,B,149,ASP,O,0.001999980000199998
B,79,ALA,N,B,77,GLY,O,2.901970980290197
B,147,GLY,N,B,145,ASN,O,1.097989020109799
B,31,GLU,N,B,25,SER,O,0.15399846001539985
B,26,GLN,N,B,24,TRP,O,0.7829921700782992
B,41,THR,N,B,38,PRO,O,37.259627403725965
B,2,SER,N,B,2,SER,O,0.11799882001179988
B,124,SER,N,B,27,PHE,O,0.24799752002479974
B,15,TYR,N,B,10,VAL,O,0.015999840001599985
B,44,GLU,N,B,42,GLU,O,2.4599754002459973
B,3,GLN,N,B,42,GLU,O,0.019999800001999978
B,93,ASP,N,B,90,LEU,O,3.070969290307097
B,22,TYR,N,B,20,LYS,O,0.31899681003189967
B,96,ASN,N,B,96,ASN,O,1.4379856201437986
B,89,GLU,N,B,84,GLU,O,0.6459935400645994
B,24,TRP,N,B,22,TYR,O,2.077979220207798
B,18,SER,N,B,13,LEU,O,0.24299757002429978
B,32,GLU,N,B,25,SER,O,0.025999740002599973
B,74,ILE,N,B,72,LEU,O,9.98490015099849
B,22,TYR,N,B,18,SER,O,2.216977830221698
B,30,VAL,N,B,26,GLN,O,0.06799932000679994
B,31,GLU,N,B,28,SER,O,1.3069869301306987
B,12,PHE,N,B,10,VAL,O,0.02099979000209998
B,30,VAL,N,B,25,SER,O,0.08399916000839992
B,28,SER,N,B,26,GLN,O,1.6899831001689982
B,154,LEU,N,B,155,TYR,O,0.1929980700192998
B,1,MET,N,B,2,SER,O,0.7089929100708994
B,125,ARG,N,B,123,VAL,O,0.03899961000389996
B,53,ALA,N,B,48,GLN,O,0.0029999700002999972
B,29,ASP,N,B,31,GLU,O,0.001999980000199998
B,138,LEU,N,B,135,ASN,O,0.3429965700342996
B,64,ALA,N,B,62,ARG,O,1.7559824401755981
B,1,MET,N,B,146,GLY,O,0.35299647003529966
B,1,MET,N,B,146,GLY,O,0.3459965400345997
B,153,GLU,N,B,151,PHE,O,0.21699783002169978
B,43,SER,N,B,41,THR,O,2.090979090209098
B,23,SER,N,B,21,GLY,O,0.11899881001189987
B,68,LEU,N,B,66,SER,O,0.018999810001899983
B,33,ASN,N,B,31,GLU,O,2.863971360286397
B,20,LYS,N,B,18,SER,O,0.053999460005399944
B,27,PHE,N,B,25,SER,O,0.4029959700402996
B,73,HIS,N,B,71,GLN,O,7.043929560704393
B,145,ASN,N,B,140,PRO,O,0.000999990000099999
B,94,GLY,N,B,90,LEU,O,0.3179968200317997
B,55,ASP,N,B,50,LEU,O,0.0989990100098999
B,1,MET,N,B,148,TRP,O,0.022999770002299975
B,1,MET,N,B,1,MET,O,0.010999890001099988
B,1,MET,N,B,148,TRP,O,0.025999740002599973
B,35,THR,N,B,32,GLU,O,2.865971340286597
B,1,MET,N,B,1,MET,O,0.0029999700002999972
B,4,SER,N,B,4,SER,O,0.03699963000369996
B,1,MET,N,B,42,GLU,O,0.16699833001669984
B,1,MET,N,B,42,GLU,O,0.11499885001149988
B,151,PHE,N,B,147,GLY,O,35.82064179358206
B,42,GLU,N,B,40,GLY,O,1.4159858401415986
B,3,GLN,N,B,1,MET,O,1.7349826501734982
B,88,ASN,N,B,83,PHE,O,1.4739852601473984
B,89,GLU,N,B,87,VAL,O,0.4779952200477995
B,42,GLU,N,B,39,GLU,O,8.63091369086309
B,75,THR,N,B,75,THR,O,0.27199728002719975
B,155,TYR,N,B,150,THR,O,1.053989460105399
B,27,PHE,N,B,28,SER,O,0.5159948400515995
B,43,SER,N,B,39,GLU,O,6.374936250637493
B,6,ARG,N,B,4,SER,O,2.163978360216398
B,28,SER,N,B,28,SER,O,0.04899951000489995
B,151,PHE,N,B,149,ASP,O,0.053999460005399944
B,42,GLU,N,B,38,PRO,O,10.445895541044589
B,1,MET,N,B,2,SER,O,0.6449935500644993
B,41,THR,N,B,37,ALA,O,10.277897221027791
B,36,GLU,N,B,34,ARG,O,2.834971650283497
B,62,ARG,N,B,57,PHE,O,0.0059999400005999945
B,154,LEU,N,B,152,VAL,O,0.23699763002369978
B,136,ASP,N,B,131,ALA,O,0.04399956000439995
B,31,GLU,N,B,32,GLU,O,0.027999720002799974
B,4,SER,N,B,2,SER,O,2.914970850291497
B,150,THR,N,B,146,GLY,O,26.245737542624575
B,156,GLY,N,B,49,ALA,O,0.001999980000199998
B,117,LYS,N,B,115,VAL,O,0.011999880001199989
B,144,GLU,N,B,139,GLU,O,0.037999620003799965
B,33,ASN,N,B,34,ARG,O,0.013999860001399987
B,86,VAL,N,B,84,GLU,O,0.012999870001299986
B,3,GLN,N,B,4,SER,O,0.14799852001479985
B,122,LEU,N,B,120,GLN,O,0.41899581004189956
B,84,GLU,N,B,82,SER,O,0.006999930000699994
B,136,ASP,N,B,134,LEU,O,0.4059959400405996
B,3,GLN,N,B,39,GLU,O,0.06399936000639994
B,85,GLN,N,B,80,TYR,O,0.024999750002499977
B,144,GLU,N,B,142,ILE,O,0.030999690003099968
B,8,LEU,N,B,6,ARG,O,0.5059949400505995
B,108,GLY,N,B,103,PHE,O,0.047999520004799956
B,155,TYR,N,B,153,GLU,O,0.006999930000699994
B,54,GLY,N,B,49,ALA,O,0.16399836001639984
B,148,TRP,N,B,2,SER,O,0.01799982000179998
B,75,THR,N,B,78,THR,O,0.06399936000639994
B,24,TRP,N,B,31,GLU,O,0.13599864001359988
B,25,SER,N,B,31,GLU,O,0.04699953000469995
B,133,TYR,N,B,128,ALA,O,0.013999860001399987
B,71,GLN,N,B,67,ASP,O,67.20132798672013
B,25,SER,N,B,23,SER,O,0.5599944000559994
B,37,ALA,N,B,37,ALA,O,0.06599934000659993
B,4,SER,N,B,1,MET,O,9.00290997090029
B,137,HIS,N,B,135,ASN,O,0.04899951000489995
B,40,GLY,N,B,35,THR,O,0.02099979000209998
B,12,PHE,N,B,7,GLU,O,0.06699933000669994
B,33,ASN,N,B,30,VAL,O,0.0049999500004999945
B,93,ASP,N,B,94,GLY,O,0.007999920000799993
B,63,ARG,N,B,61,TYR,O,0.025999740002599973
B,30,VAL,N,B,24,TRP,O,0.06699933000669994
B,131,ALA,N,B,126,ILE,O,0.02999970000299997
B,35,THR,N,B,40,GLY,O,0.001999980000199998
B,26,GLN,N,B,28,SER,O,0.009999900000999989
B,63,ARG,N,B,58,GLU,O,0.014999850001499985
B,14,SER,N,B,9,VAL,O,0.012999870001299986
B,1,MET,N,B,39,GLU,O,0.6629933700662993
B,5,ASN,N,B,3,GLN,O,4.534954650453495
B,64,ALA,N,B,65,PHE,O,0.07099929000709992
B,31,GLU,N,B,31,GLU,O,0.010999890001099988
B,51,ARG,N,B,46,VAL,O,0.003999960000399996
B,139,GLU,N,B,137,HIS,O,0.003999960000399996
B,1,MET,N,B,39,GLU,O,0.6439935600643993
B,121,VAL,N,B,119,MET,O,0.11299887001129988
B,78,THR,N,B,76,PRO,O,4.714952850471495
B,66,SER,N,B,67,ASP,O,0.000999990000099999
B,66,SER,N,B,66,SER,O,2.065979340206598
B,65,PHE,N,B,66,SER,O,0.6199938000619994
B,43,SER,N,B,1,MET,O,0.14399856001439984
B,120,GLN,N,B,114,SER,O,0.0979990200097999
B,73,HIS,N,B,73,HIS,O,0.04399956000439995
B,15,TYR,N,B,13,LEU,O,0.0059999400005999945
B,65,PHE,N,B,60,ARG,O,0.012999870001299986
B,145,ASN,N,B,143,GLN,O,0.08599914000859991
B,133,TYR,N,B,131,ALA,O,0.012999870001299986
B,32,GLU,N,B,33,ASN,O,0.010999890001099988
B,49,ALA,N,B,44,GLU,O,0.08199918000819992
B,34,ARG,N,B,31,GLU,O,0.5429945700542994
B,34,ARG,N,B,35,THR,O,0.0029999700002999972
B,45,ALA,N,B,40,GLY,O,0.025999740002599973
B,71,GLN,N,B,72,LEU,O,0.0919990800091999
B,36,GLU,N,B,37,ALA,O,0.030999690003099968
B,45,ALA,N,B,43,SER,O,0.9979900200997991
B,77,GLY,N,B,75,THR,O,0.012999870001299986
B,156,GLY,N,B,156,GLY,O,0.0059999400005999945
B,37,ALA,N,B,34,ARG,O,1.4779852201477985
B,83,PHE,N,B,78,THR,O,0.32499675003249967
B,1,MET,N,B,4,SER,O,0.24299757002429978
B,109,ALA,N,B,107,GLY,O,0.001999980000199998
B,1,MET,N,B,4,SER,O,0.24099759002409976
B,2,SER,N,B,4,SER,O,0.03599964000359996
B,116,ASP,N,B,114,SER,O,0.00899991000089999
B,52,GLU,N,B,156,GLY,O,0.0029999700002999972
B,36,GLU,N,B,33,ASN,O,6.652933470665294
B,69,THR,N,B,67,ASP,O,0.018999810001899983
B,37,ALA,N,B,33,ASN,O,5.6619433805661945
B,74,ILE,N,B,74,ILE,O,0.001999980000199998
B,39,GLU,N,B,39,GLU,O,0.018999810001899983
B,53,ALA,N,B,155,TYR,O,0.007999920000799993
B,42,GLU,N,B,1,MET,O,0.9049909500904991
B,25,SER,N,B,22,TYR,O,0.011999880001199989
B,44,GLU,N,B,39,GLU,O,0.001999980000199998
B,39,GLU,N,B,34,ARG,O,0.001999980000199998
B,29,ASP,N,B,30,VAL,O,0.003999960000399996
B,39,GLU,N,B,40,GLY,O,0.03199968000319997
B,150,THR,N,B,148,TRP,O,0.014999850001499985
B,35,THR,N,B,36,GLU,O,0.06799932000679994
B,34,ARG,N,B,36,GLU,O,0.000999990000099999
B,3,GLN,N,B,35,THR,O,0.8999910000899992
B,46,VAL,N,B,41,THR,O,0.039999600003999956
B,36,GLU,N,B,36,GLU,O,0.02999970000299997
B,4,SER,N,B,35,THR,O,0.023999760002399978
B,23,SER,N,B,23,SER,O,0.11999880001199988
B,5,ASN,N,B,131,ALA,O,0.001999980000199998
B,132,THR,N,B,127,ALA,O,0.0029999700002999972
B,17,LEU,N,B,15,TYR,O,0.003999960000399996
B,56,GLU,N,B,51,ARG,O,0.012999870001299986
B,107,GLY,N,B,102,ALA,O,0.030999690003099968
B,81,GLN,N,B,79,ALA,O,0.11399886001139989
B,127,ALA,N,B,122,LEU,O,0.12099879001209989
B,82,SER,N,B,80,TYR,O,1.141988580114199
B,7,GLU,N,B,33,ASN,O,0.044999550004499955
B,91,PHE,N,B,86,VAL,O,0.2549974500254998
B,134,LEU,N,B,129,TRP,O,0.014999850001499985
B,85,GLN,N,B,83,PHE,O,0.006999930000699994
B,95,VAL,N,B,93,ASP,O,0.000999990000099999
B,95,VAL,N,B,95,VAL,O,0.003999960000399996
B,90,LEU,N,B,85,GLN,O,0.030999690003099968
B,94,GLY,N,B,94,GLY,O,0.007999920000799993
B,130,MET,N,B,125,ARG,O,0.001999980000199998
B,11,ASP,N,B,6,ARG,O,0.5939940600593994
B,61,TYR,N,B,56,GLU,O,0.000999990000099999
B,155,TYR,N,B,155,TYR,O,0.001999980000199998
B,92,ARG,N,B,87,VAL,O,0.001999980000199998
B,34,ARG,N,B,38,PRO,O,0.0049999500004999945
B,80,TYR,N,B,78,THR,O,0.0049999500004999945
B,115,VAL,N,B,113,GLU,O,0.001999980000199998
B,149,ASP,N,B,145,ASN,O,0.006999930000699994
B,11,ASP,N,B,9,VAL,O,0.001999980000199998
B,9,VAL,N,B,7,GLU,O,0.010999890001099988
B,2,SER,N,B,42,GLU,O,0.000999990000099999
B,7,GLU,N,B,5,ASN,O,0.24199758002419977
B,129,TRP,N,B,127,ALA,O,0.001999980000199998
B,1,MET,N,B,142,ILE,O,0.0049999500004999945
B,19,GLN,N,B,17,LEU,O,0.015999840001599985
B,32,GLU,N,B,29,ASP,O,0.007999920000799993
B,146,GLY,N,B,147,GLY,O,0.0029999700002999972
B,34,ARG,N,B,34,ARG,O,0.011999880001199989
B,21,GLY,N,B,22,TYR,O,0.003999960000399996
B,67,ASP,N,B,61,TYR,O,0.015999840001599985
B,1,MET,N,B,40,GLY,O,1.4419855801441985
B,1,MET,N,B,40,GLY,O,1.4509854901450985
B,123,VAL,N,B,121,VAL,O,0.06499935000649994
B,28,SER,N,B,23,SER,O,0.03699963000369996
B,3,GLN,N,B,43,SER,O,0.001999980000199998
B,46,VAL,N,B,1,MET,O,0.003999960000399996
B,61,TYR,N,B,59,LEU,O,0.001999980000199998
B,143,GLN,N,B,141,TRP,O,0.000999990000099999
B,148,TRP,N,B,142,ILE,O,0.000999990000099999
B,40,GLY,N,B,41,THR,O,0.04299957000429996
B,147,GLY,N,B,144,GLU,O,0.000999990000099999
B,52,GLU,N,B,47,LYS,O,0.003999960000399996
B,32,GLU,N,B,32,GLU,O,0.006999930000699994
B,123,VAL,N,B,27,PHE,O,0.010999890001099988
B,52,GLU,N,B,50,LEU,O,0.001999980000199998
B,73,HIS,N,B,70,SER,O,0.006999930000699994
B,19,GLN,N,B,14,SER,O,0.08299917000829991
B,29,ASP,N,B,120,GLN,O,0.0029999700002999972
B,139,GLU,N,B,133,TYR,O,0.007999920000799993
B,64,ALA,N,B,59,LEU,O,0.0029999700002999972
B,3,GLN,N,B,36,GLU,O,0.011999880001199989
B,39,GLU,N,B,1,MET,O,0.3459965400345997
B,3,GLN,N,B,37,ALA,O,0.0049999500004999945
B,40,GLY,N,B,1,MET,O,0.05999940000599994
B,37,ALA,N,B,1,MET,O,0.36599634003659964
B,1,MET,N,B,41,THR,O,0.10399896001039989
B,1,MET,N,B,37,ALA,O,0.16799832001679985
B,1,MET,N,B,37,ALA,O,0.13499865001349987
B,1,MET,N,B,41,THR,O,0.13799862001379987
B,37,ALA,N,B,2,SER,O,0.03599964000359996
B,41,THR,N,B,1,MET,O,2.5149748502514973
B,35,THR,N,B,3,GLN,O,0.00899991000089999
B,1,MET,N,B,35,THR,O,0.07099929000709992
B,1,MET,N,B,35,THR,O,0.05899941000589994
B,1,MET,N,B,36,GLU,O,0.06799932000679994
B,37,ALA,N,B,41,THR,O,0.05799942000579994
B,1,MET,N,B,36,GLU,O,0.06899931000689993
B,43,SER,N,B,35,THR,O,0.006999930000699994
B,1,MET,N,B,34,ARG,O,0.001999980000199998
B,1,MET,N,B,34,ARG,O,0.003999960000399996
B,1,MET,N,B,33,ASN,O,0.000999990000099999
B,2,SER,N,B,36,GLU,O,0.07499925000749992
B,49,ALA,N,B,47,LYS,O,0.000999990000099999
B,2,SER,N,B,3,GLN,O,0.044999550004499955
B,39,GLU,N,B,2,SER,O,0.006999930000699994
B,3,GLN,N,B,3,GLN,O,0.010999890001099988
B,1,MET,N,B,3,GLN,O,0.08999910000899991
B,1,MET,N,B,3,GLN,O,0.09699903000969991
B,3,GLN,N,B,41,THR,O,0.000999990000099999
B,41,THR,N,B,2,SER,O,2.4349756502434974
B,4,SER,N,B,41,THR,O,0.010999890001099988
B,2,SER,N,B,39,GLU,O,0.3809961900380996
B,40,GLY,N,B,2,SER,O,0.00899991000089999
B,55,ASP,N,B,53,ALA,O,0.001999980000199998
B,1,MET,N,B,38,PRO,O,0.000999990000099999
B,42,GLU,N,B,2,SER,O,0.5349946500534994
B,33,ASN,N,B,33,ASN,O,0.0049999500004999945
B,4,SER,N,B,42,GLU,O,0.013999860001399987
B,2,SER,N,B,40,GLY,O,0.08699913000869991
B,39,GLU,N,B,41,THR,O,0.00899991000089999
B,92,ARG,N,B,94,GLY,O,0.003999960000399996
B,114,SER,N,B,112,VAL,O,0.02999970000299997
B,114,SER,N,B,109,ALA,O,0.0029999700002999972
B,1,MET,N,B,143,GLN,O,0.0049999500004999945
B,41,THR,N,B,41,THR,O,0.049999500004999954
B,1,MET,N,B,143,GLN,O,0.0049999500004999945
B,128,ALA,N,B,123,VAL,O,0.0049999500004999945
B,35,THR,N,B,2,SER,O,0.001999980000199998
B,109,ALA,N,B,104,PHE,O,0.001999980000199998
B,82,SER,N,B,77,GLY,O,0.025999740002599973
B,58,GLU,N,B,53,ALA,O,0.000999990000099999
B,59,LEU,N,B,57,PHE,O,0.000999990000099999
B,42,GLU,N,B,37,ALA,O,0.007999920000799993
B,138,LEU,N,B,136,ASP,O,0.000999990000099999
B,35,THR,N,B,35,THR,O,0.003999960000399996
B,87,VAL,N,B,85,GLN,O,0.0029999700002999972
B,4,SER,N,B,33,ASN,O,0.000999990000099999
B,13,LEU,N,B,8,LEU,O,0.000999990000099999
B,1,MET,N,B,142,ILE,O,0.001999980000199998
B,6,ARG,N,B,33,ASN,O,0.001999980000199998
B,10,VAL,N,B,5,ASN,O,0.3239967600323997
B,122,LEU,N,B,27,PHE,O,0.000999990000099999
B,43,SER,N,B,2,SER,O,0.06999930000699993
B,2,SER,N,B,35,THR,O,0.0059999400005999945
B,1,MET,N,B,43,SER,O,0.001999980000199998
B,1,MET,N,B,43,SER,O,0.000999990000099999
B,119,MET,N,B,113,GLU,O,0.01799982000179998
B,6,ARG,N,B,3,GLN,O,23.609763902360974
B,5,ASN,N,B,2,SER,O,12.434875651243487
B,1,MET,N,B,139,GLU,O,0.007999920000799993
B,150,THR,N,B,145,ASN,O,0.0059999400005999945
B,1,MET,N,B,139,GLU,O,0.006999930000699994
B,112,VAL,N,B,107,GLY,O,0.001999980000199998
B,111,CYS,N,B,106,PHE,O,0.000999990000099999
B,88,ASN,N,B,86,VAL,O,0.000999990000099999
B,9,VAL,N,B,4,SER,O,0.001999980000199998
B,7,GLU,N,B,3,GLN,O,22.17377826221738
B,1,MET,N,B,134,LEU,O,0.001999980000199998
B,6,ARG,N,B,2,SER,O,18.14981850181498
B,132,THR,N,B,130,MET,O,0.0029999700002999972
B,37,ALA,N,B,39,GLU,O,0.016999830001699984
B,1,MET,N,B,135,ASN,O,0.000999990000099999
B,125,ARG,N,B,120,GLN,O,0.07799922000779992
B,146,GLY,N,B,141,TRP,O,0.000999990000099999
B,20,LYS,N,B,15,TYR,O,0.0029999700002999972
B,21,GLY,N,B,16,LYS,O,0.000999990000099999
B,5,ASN,N,B,1,MET,O,21.73178268217318
B,6,ARG,N,B,1,MET,O,0.014999850001499985
B,126,ILE,N,B,121,VAL,O,0.24099759002409976
B,24,TRP,N,B,14,SER,O,0.006999930000699994
B,24,TRP,N,B,13,LEU,O,0.001999980000199998
B,29,ASP,N,B,29,ASP,O,0.000999990000099999
B,43,SER,N,B,38,PRO,O,0.000999990000099999
B,153,GLU,N,B,155,TYR,O,0.001999980000199998
B,80,TYR,N,B,75,THR,O,0.1119988800111999
B,30,VAL,N,B,30,VAL,O,0.000999990000099999
B,111,CYS,N,B,109,ALA,O,0.001999980000199998
B,124,SER,N,B,122,LEU,O,0.000999990000099999
B,16,LYS,N,B,14,SER,O,0.000999990000099999
B,42,GLU,N,B,43,SER,O,0.022999770002299975
B,4,SER,N,B,39,GLU,O,0.3169968300316997
B,46,VAL,N,B,44,GLU,O,0.001999980000199998
B,4,SER,N,B,40,GLY,O,1.2619873801261987
B,43,SER,N,B,43,SER,O,0.003999960000399996
B,36,GLU,N,B,32,GLU,O,0.06399936000639994
B,3,GLN,N,B,40,GLY,O,0.3429965700342996
B,18,SER,N,B,16,LYS,O,0.000999990000099999
