A,606,GLY,N,B,85,GLN,O,0.14899851001489986
A,628,GLY,N,B,154,LEU,O,7.173928260717393
B,156,GLY,N,A,628,GLY,O,1.058989410105899
A,628,GLY,N,B,153,GLU,O,0.15399846001539985
A,608,THR,N,B,73,HIS,O,9.19690803091969
A,606,GLY,N,B,73,HIS,O,1.6609833901660982
A,606,GLY,N,B,73,HIS,O,1.7479825201747983
A,606,GLY,N,B,71,GLN,O,0.009999900000999989
A,606,GLY,N,B,71,GLN,O,0.0049999500004999945
A,606,GLY,N,B,72,LEU,O,0.000999990000099999
B,75,THR,N,A,606,GLY,O,1.1359886401135988
A,609,MET,N,B,73,HIS,O,0.8339916600833991
A,606,GLY,N,B,82,SER,O,0.7359926400735992
A,606,GLY,N,B,82,SER,O,0.6879931200687993
A,606,GLY,N,B,85,GLN,O,0.14799852001479985
A,606,GLY,N,B,81,GLN,O,0.44699553004469955
A,606,GLY,N,B,78,THR,O,1.2939870601293988
A,606,GLY,N,B,78,THR,O,1.3059869401305986
A,606,GLY,N,B,81,GLN,O,0.4629953700462996
A,627,SER,N,B,154,LEU,O,0.000999990000099999
A,606,GLY,N,B,77,GLY,O,0.04199958000419996
A,606,GLY,N,B,77,GLY,O,0.025999740002599973
B,154,LEU,N,A,628,GLY,O,0.000999990000099999
B,156,GLY,N,A,627,SER,O,0.1059989400105999
A,607,GLY,N,B,73,HIS,O,0.8279917200827991
A,606,GLY,N,B,75,THR,O,1.1099889001109988
A,606,GLY,N,B,75,THR,O,1.053989460105399
B,73,HIS,N,A,608,THR,O,0.6999930000699993
A,606,GLY,N,B,74,ILE,O,0.02999970000299997
A,606,GLY,N,B,79,ALA,O,0.00899991000089999
B,98,GLY,N,A,620,GLY,O,0.001999980000199998
A,612,LEU,N,B,71,GLN,O,0.034999650003499964
A,611,ASN,N,B,71,GLN,O,0.001999980000199998
A,606,GLY,N,B,74,ILE,O,0.02999970000299997
A,607,GLY,N,B,74,ILE,O,0.04599954000459995
B,98,GLY,N,A,628,GLY,O,0.003999960000399996
A,607,GLY,N,B,81,GLN,O,0.000999990000099999
A,608,THR,N,B,78,THR,O,0.000999990000099999
A,628,GLY,N,B,155,TYR,O,0.000999990000099999
