formatted_string,Bcl-xL (1),Bcl-xL (2),Bcl-xL/Beclin-1 (1),Bcl-xL/Beclin-1 (2)
A-1MET,0.000,0.000,0.000,0.000
A-2SER,0.000,0.000,0.000,0.000
A-3GLN,0.000,0.000,0.000,0.000
A-4SER,0.000,0.000,0.000,0.000
A-5ASN,0.000,0.000,0.000,0.000
A-6ARG,0.000,0.000,0.000,0.000
A-7GLU,0.000,0.000,0.000,0.001
A-8LEU,0.000,0.000,0.000,0.000
A-9VAL,0.000,0.000,0.000,0.000
A-10VAL,0.000,0.000,0.000,0.000
A-11ASP,0.000,0.000,0.000,0.000
A-12PHE,0.000,0.000,0.000,0.000
A-13LEU,0.000,0.000,0.000,0.000
A-14SER,0.000,0.000,0.000,0.000
A-15TYR,0.000,0.000,0.000,0.000
A-16LYS,0.000,0.000,0.001,0.001
A-17LEU,0.000,0.000,0.000,0.000
A-18SER,0.000,0.000,0.000,0.000
A-19GLN,0.000,0.000,0.000,0.000
A-20LYS,0.000,0.000,0.000,0.000
A-21GLY,0.000,0.000,0.000,0.000
A-22TYR,0.000,0.000,0.000,0.000
A-23SER,0.000,0.000,0.000,0.000
A-24TRP,0.000,0.000,0.000,0.000
A-25SER,0.000,0.000,0.000,0.000
A-26GLN,0.000,0.000,0.000,0.000
A-27PHE,0.000,0.000,0.000,0.000
A-28SER,0.000,0.000,0.000,0.000
A-29ASP,0.000,0.000,0.000,0.000
A-30VAL,0.000,0.000,0.000,0.000
A-31GLU,0.000,0.000,0.000,0.000
A-32GLU,0.000,0.000,0.000,0.000
A-33ASN,0.000,0.000,0.000,0.000
A-34ARG,0.000,0.000,0.000,0.000
A-35THR,0.000,0.000,0.000,0.000
A-36GLU,0.000,0.000,0.000,0.000
A-37ALA,0.000,0.000,0.000,0.000
A-38PRO,0.000,0.000,0.000,0.000
A-39GLU,0.000,0.000,0.000,0.000
A-40GLY,0.000,0.000,0.000,0.000
A-41THR,0.000,0.000,0.000,0.000
A-42GLU,0.000,0.000,0.000,0.000
A-43SER,0.000,0.000,0.000,0.000
A-44GLU,0.000,0.000,0.000,0.000
A-45ALA,0.000,0.000,0.000,0.000
A-46VAL,0.000,0.000,0.000,0.000
A-47LYS,0.000,0.001,0.001,0.001
A-48GLN,0.000,0.000,0.000,0.000
A-49ALA,0.000,0.000,0.000,0.000
A-50LEU,0.000,0.000,0.000,0.000
A-51ARG,0.000,0.000,0.000,0.000
A-52GLU,0.000,0.000,0.000,0.000
A-53ALA,0.000,0.000,0.000,0.000
A-54GLY,0.000,0.000,0.000,0.000
A-55ASP,0.000,0.000,0.000,0.000
A-56GLU,0.000,0.001,0.000,0.000
A-57PHE,0.000,0.000,0.000,0.000
A-58GLU,0.000,0.000,0.001,0.001
A-59LEU,0.000,0.000,0.000,0.000
A-60ARG,0.000,0.000,0.000,0.000
A-61TYR,0.000,0.000,0.000,0.000
A-62ARG,0.000,0.000,0.000,0.000
A-63ARG,0.000,0.000,0.000,0.000
A-64ALA,0.000,0.000,0.000,0.000
A-65PHE,0.000,0.000,0.000,0.000
A-66SER,0.000,0.000,0.000,0.000
A-67ASP,0.000,0.000,0.000,0.000
A-68LEU,0.000,0.000,0.000,0.000
A-69THR,0.000,0.000,0.000,0.000
A-70SER,0.000,0.000,0.000,0.000
A-71GLN,0.000,0.000,0.000,0.000
A-72LEU,0.000,0.000,0.000,0.000
A-73HIS,0.000,0.000,0.000,0.000
A-74ILE,0.000,0.000,0.000,0.000
A-75THR,0.000,0.000,0.000,0.000
A-76PRO,0.000,0.000,0.000,0.000
A-77GLY,0.000,0.000,0.000,0.000
A-78THR,0.000,0.000,0.000,0.000
A-79ALA,0.000,0.000,0.000,0.000
A-80TYR,0.000,0.000,0.000,0.000
A-81GLN,0.000,0.000,0.000,0.000
A-82SER,0.000,0.000,0.000,0.000
A-83PHE,0.000,0.000,0.000,0.000
A-84GLU,0.000,0.000,0.000,0.000
A-85GLN,0.000,0.000,0.000,0.000
A-86VAL,0.000,0.000,0.000,0.000
A-87VAL,0.000,0.000,0.000,0.000
A-88ASN,0.000,0.000,0.000,0.000
A-89GLU,0.000,0.000,0.001,0.000
A-90LEU,0.000,0.000,0.000,0.000
A-91PHE,0.000,0.000,0.000,0.000
A-92ARG,0.000,0.000,0.000,0.000
A-93ASP,0.000,0.000,0.001,0.001
A-94GLY,0.000,0.000,0.000,0.000
A-95VAL,0.000,0.000,0.000,0.000
A-96ASN,0.000,0.000,0.000,0.000
A-97TRP,0.000,0.000,0.000,0.000
A-98GLY,0.000,0.000,0.000,0.000
A-99ARG,0.000,0.000,0.001,0.001
A-100ILE,0.000,0.000,0.000,0.000
A-101VAL,0.000,0.000,0.000,0.000
A-102ALA,0.000,0.000,0.000,0.000
A-103PHE,0.000,0.000,0.000,0.000
A-104PHE,0.000,0.000,0.000,0.000
A-105SER,0.000,0.000,0.000,0.000
A-106PHE,0.000,0.000,0.000,0.000
A-107GLY,0.000,0.000,0.000,0.000
A-108GLY,0.000,0.000,0.000,0.000
A-109ALA,0.000,0.000,0.000,0.000
A-110LEU,0.000,0.000,0.000,0.000
A-111CYS,0.000,0.000,0.000,0.000
A-112VAL,0.000,0.000,0.000,0.000
A-113GLU,0.000,0.000,0.000,0.000
A-114SER,0.000,0.000,0.000,0.000
A-115VAL,0.000,0.000,0.000,0.000
A-116ASP,0.000,0.000,0.000,0.000
A-117LYS,0.000,0.000,0.000,0.000
A-118GLU,0.000,0.000,0.000,0.000
A-119MET,0.000,0.000,0.000,0.000
A-120GLN,0.000,0.000,0.000,0.000
A-121VAL,0.000,0.000,0.000,0.000
A-122LEU,0.000,0.000,0.000,0.000
A-123VAL,0.000,0.000,0.000,0.000
A-124SER,0.000,0.000,0.000,0.000
A-125ARG,0.000,0.000,0.000,0.000
A-126ILE,0.000,0.000,0.000,0.000
A-127ALA,0.000,0.000,0.000,0.000
A-128ALA,0.000,0.000,0.000,0.000
A-129TRP,0.000,0.000,0.000,0.000
A-130MET,0.000,0.000,0.000,0.000
A-131ALA,0.000,0.000,0.000,0.000
A-132THR,0.000,0.000,0.000,0.000
A-133TYR,0.000,0.000,0.000,0.000
A-134LEU,0.000,0.000,0.000,0.000
A-135ASN,0.000,0.000,0.000,0.000
A-136ASP,0.000,0.000,0.000,0.000
A-137HIS,0.000,0.000,0.000,0.000
A-138LEU,0.000,0.000,0.000,0.000
A-139GLU,0.000,0.000,0.000,0.000
A-140PRO,0.000,0.000,0.000,0.000
A-141TRP,0.000,0.000,0.000,0.000
A-142ILE,0.000,0.000,0.000,0.000
A-143GLN,0.000,0.000,0.000,0.000
A-144GLU,0.000,0.000,0.000,0.000
A-145ASN,0.000,0.000,0.000,0.000
A-146GLY,0.000,0.000,0.000,0.000
A-147GLY,0.000,0.000,0.000,0.000
A-148TRP,0.000,0.000,0.000,0.000
A-149ASP,0.000,0.000,0.000,0.000
A-150THR,0.000,0.000,0.000,0.000
A-151PHE,0.000,0.000,0.000,0.000
A-152VAL,0.000,0.000,0.000,0.000
A-153GLU,0.000,0.000,0.000,0.000
A-154LEU,0.000,0.000,0.000,0.000
A-155TYR,0.000,0.000,0.000,0.000
A-156GLY,0.000,0.000,0.000,0.000
A-157ASN,0.000,0.000,,
A-158ASN,0.000,0.000,,
A-159ALA,0.000,0.000,,
A-160ALA,0.000,0.000,,
A-161ALA,0.000,0.000,,
A-162GLU,0.000,0.000,,
A-163SER,0.000,0.000,,
A-164ARG,0.001,0.000,,
A-165LYS,0.000,0.000,,
A-166GLY,0.000,0.000,,
A-167GLN,0.000,0.000,,
A-168GLU,0.000,0.000,,
A-169ARG,0.000,0.000,,
B-106GLY,,,0.000,0.000
B-107GLY,,,0.000,0.000
B-108THR,,,0.000,0.000
B-109MET,,,0.000,0.000
B-110GLU,,,0.000,0.000
B-111ASN,,,0.000,0.000
B-112LEU,,,0.000,0.000
B-113SER,,,0.000,0.000
B-114ARG,,,0.000,0.000
B-115ARG,,,0.000,0.000
B-116LEU,,,0.000,0.000
B-117LYS,,,0.001,0.001
B-118VAL,,,0.000,0.000
B-119THR,,,0.000,0.000
B-120GLY,,,0.000,0.000
B-121ASP,,,0.000,0.000
B-122LEU,,,0.000,0.000
B-123PHE,,,0.000,0.000
B-124ASP,,,0.000,0.000
B-125ILE,,,0.000,0.000
B-126MET,,,0.000,0.000
B-127SER,,,0.000,0.000
B-128GLY,,,0.000,0.000
