A,26,ASN,N,A,23,THR,O,39.22160778392217
A,27,LEU,N,A,23,THR,O,73.68526314736853
A,27,LEU,N,A,24,MET,O,30.20069799302007
A,28,SER,N,A,24,MET,O,93.7430625693743
A,30,ARG,N,A,26,ASN,O,91.32308676913232
A,31,LEU,N,A,27,LEU,O,99.5870041299587
A,32,LYS,N,A,28,SER,O,93.3140668593314
A,33,VAL,N,A,29,ARG,O,99.5280047199528
A,34,THR,N,A,30,ARG,O,98.11801881981181
A,34,THR,N,A,31,LEU,O,34.15965840341597
A,35,GLY,N,A,31,LEU,O,92.10507894921051
A,35,GLY,N,A,32,LYS,O,42.39657603423966
A,36,ASP,N,A,32,LYS,O,97.3420265797342
A,37,LEU,N,A,33,VAL,O,88.05111948880511
A,37,LEU,N,A,34,THR,O,48.813511864881356
A,38,PHE,N,A,34,THR,O,40.55159448405516
A,39,ASP,N,A,35,GLY,O,29.039709602903972
A,39,ASP,N,A,36,ASP,O,38.330616693833065
A,40,ILE,N,A,37,LEU,O,15.864841351586485
A,26,ASN,N,A,22,GLY,O,61.19538804611954
A,29,ARG,N,A,25,GLU,O,78.02921970780292
A,29,ARG,N,A,26,ASN,O,55.83044169558305
A,32,LYS,N,A,29,ARG,O,44.87455125448746
A,30,ARG,N,A,27,LEU,O,47.71552284477155
A,25,GLU,N,A,22,GLY,O,44.86455135448645
A,36,ASP,N,A,33,VAL,O,29.13970860291397
A,40,ILE,N,A,36,ASP,O,13.101868981310187
A,38,PHE,N,A,35,GLY,O,86.12713872861272
A,31,LEU,N,A,28,SER,O,27.666723332766672
A,41,MET,N,A,39,ASP,O,3.752962470375296
A,42,SER,N,A,40,ILE,O,7.725922740772592
A,28,SER,N,A,25,GLU,O,27.362726372736272
A,33,VAL,N,A,30,ARG,O,14.097859021409786
A,43,GLY,N,A,41,MET,O,6.770932290677094
A,23,THR,N,A,21,GLY,O,0.4079959200407996
A,35,GLY,N,A,30,ARG,O,0.08599914000859991
A,24,MET,N,A,21,GLY,O,7.4639253607463925
A,25,GLU,N,A,21,GLY,O,13.861861381386188
A,40,ILE,N,A,38,PHE,O,0.6809931900680993
A,26,ASN,N,A,21,GLY,O,0.08599914000859991
A,43,GLY,N,A,40,ILE,O,2.369976300236998
A,27,LEU,N,A,22,GLY,O,0.08099919000809992
A,24,MET,N,A,22,GLY,O,0.7599924000759992
A,21,GLY,N,A,22,GLY,O,0.23499765002349976
A,25,GLU,N,A,23,THR,O,8.004919950800492
A,41,MET,N,A,38,PHE,O,0.33899661003389964
A,21,GLY,N,A,22,GLY,O,0.2549974500254998
A,27,LEU,N,A,25,GLU,O,0.22599774002259976
A,21,GLY,N,A,22,GLY,O,0.2629973700262997
A,41,MET,N,A,42,SER,O,0.07199928000719992
A,32,LYS,N,A,27,LEU,O,0.07599924000759993
A,26,ASN,N,A,24,MET,O,0.1949980500194998
A,42,SER,N,A,42,SER,O,0.04299957000429996
A,39,ASP,N,A,37,LEU,O,0.7509924900750993
A,37,LEU,N,A,35,GLY,O,0.11599884001159988
A,42,SER,N,A,39,ASP,O,7.606923930760693
A,37,LEU,N,A,32,LYS,O,0.03399966000339997
A,38,PHE,N,A,36,ASP,O,7.930920690793092
A,21,GLY,N,A,21,GLY,O,0.001999980000199998
A,42,SER,N,A,37,LEU,O,0.03199968000319997
A,34,THR,N,A,32,LYS,O,0.023999760002399978
A,29,ARG,N,A,27,LEU,O,0.0029999700002999972
A,33,VAL,N,A,28,SER,O,0.001999980000199998
A,41,MET,N,A,37,LEU,O,0.5879941200587994
A,42,SER,N,A,38,PHE,O,0.0049999500004999945
A,43,GLY,N,A,39,ASP,O,0.6729932700672994
A,41,MET,N,A,36,ASP,O,2.145978540214598
A,39,ASP,N,A,41,MET,O,0.001999980000199998
A,43,GLY,N,A,37,LEU,O,0.0029999700002999972
A,40,ILE,N,A,35,GLY,O,0.000999990000099999
A,42,SER,N,A,36,ASP,O,0.025999740002599973
A,21,GLY,N,A,21,GLY,O,0.001999980000199998
A,30,ARG,N,A,25,GLU,O,0.10299897001029991
A,29,ARG,N,A,24,MET,O,0.016999830001699984
A,43,GLY,N,A,38,PHE,O,0.000999990000099999
A,34,THR,N,A,29,ARG,O,0.001999980000199998
A,30,ARG,N,A,28,SER,O,0.0049999500004999945
A,28,SER,N,A,23,THR,O,0.022999770002299975
A,22,GLY,N,A,23,THR,O,0.02999970000299997
A,21,GLY,N,A,23,THR,O,0.024999750002499977
A,21,GLY,N,A,23,THR,O,0.02999970000299997
A,41,MET,N,A,41,MET,O,0.000999990000099999
A,31,LEU,N,A,26,ASN,O,0.000999990000099999
A,22,GLY,N,A,22,GLY,O,0.001999980000199998
A,21,GLY,N,A,21,GLY,O,0.001999980000199998
A,27,LEU,N,A,21,GLY,O,0.000999990000099999
A,28,SER,N,A,26,ASN,O,0.006999930000699994
A,21,GLY,N,A,23,THR,O,0.016999830001699984
A,21,GLY,N,A,24,MET,O,0.000999990000099999
A,23,THR,N,A,23,THR,O,0.0029999700002999972
A,36,ASP,N,A,34,THR,O,0.000999990000099999
